msa,rent_q1,rent_q1_moe,rent_q2,rent_q2_moe,rent_q3,rent_q3_moe,rent_q4,rent_q4_moe,year
"Worcester, MA",6.0,5.9,1.5,3.2,0.6,1.8,9.1,6.6,2014.0 
"Springfield, MA",4.0,5.1,1.7,3.3,11.1,9.2,4.2,5.8,2014.0 
"Oxnard-Thousand Oaks-Ventura, CA",2.2,4.1,2.2,3.9,1.7,3.1,3.6,4.5,2014.0 
"Louisville, KY-IN",7.7,4.8,2.5,3.4,4.0,4.8,6.3,4.4,2014.0 
"Albany-Schenectady-Troy, NY ",3.7,4.0,2.7,3.6,5.3,4.9,5.3,5.6,2014.0 
"Milwaukee-Waukesha-West Allis, WI",6.2,3.2,2.7,2.0,3.6,2.3,5.7,3.1,2014.0 
"Allentown-Bethlehem-Easton, PA-NJ",2.1,3.4,2.9,3.9,9.8,7.3,7.8,6.0,2014.0 
"Hartford-West Hartford-East Hartford, CT\16",8.9,3.7,3.0,2.1,6.0,2.9,6.2,2.9,2014.0 
"San Francisco-Oakland-Fremont, CA\33",4.5,1.8,3.1,1.5,2.8,1.4,2.5,1.4,2014.0 
"Bakersfield, CA",8.5,6.1,3.2,4.1,4.3,4.1,2.2,3.3,2014.0 
"Portland-Vancouver-Beaverton, OR-WA\25",4.0,2.2,3.3,1.9,4.8,2.3,2.3,1.7,2014.0 
"San Jose-Sunnyvale-Santa Clara, CA\34",2.4,2.2,3.5,2.7,3.0,2.4,2.7,2.3,2014.0 
"Denver-Aurora, CO\12",4.8,2.1,3.6,1.8,2.5,1.5,2.5,1.4,2014.0 
"Charlotte-Gastonia-Concord, NC-SC\7",8.5,4.1,4.0,3.1,3.9,2.8,7.3,3.9,2014.0 
"Honolulu, HI",4.8,2.0,4.4,2.0,5.8,2.3,7.5,2.7,2014.0 
"New York-Northern New Jersey--Long Island, NY\23",5.8,1.0,4.4,0.9,4.0,0.8,4.1,0.8,2014.0 
"Seattle-Tacoma-Bellevue, WA",3.5,1.9,4.4,2.1,5.3,2.3,4.3,1.9,2014.0 
"Omaha-Council Bluffs, NE-IA",4.4,3.1,4.5,3.1,4.9,3.0,7.5,3.5,2014.0 
"Boston-Cambridge-Quincy, MA-NH\5",7.2,2.5,4.6,2.0,3.6,1.8,4.2,1.9,2014.0 
"Minneapolis-St Paul-Bloomington, MN-WI ",5.0,2.0,4.6,2.0,4.5,1.8,3.4,1.7,2014.0 
"Alburquerque, NM",5.1,3.2,4.8,3.0,10.6,4.4,10.1,4.8,2014.0 
"Nashville-Davidson-Murfreesboro, TN\21",5.4,3.9,4.9,4.1,3.2,3.2,2.3,2.7,2014.0 
"Cleveland-Elyria-Mentor, OH\10",9.9,4.4,5.0,3.1,6.3,3.8,7.0,3.9,2014.0 
"Los Angeles-Long Beach-Santa Ana, CA \19",6.0,1.2,5.1,1.1,4.3,1.0,3.0,0.9,2014.0 
"Poughkeepsie-Newburgh-Middletown, NJ",4.8,5.8,5.3,6.4,1.7,3.2,0.0,0.0,2014.0 
"Washington-Arlington-Alexandria, DC-VA-MD-WV\36",8.2,2.6,5.3,2.1,6.3,2.3,7.1,2.3,2014.0 
"San Antonio, TX ",7.9,4.4,5.4,4.0,7.1,4.4,8.6,4.3,2014.0 
"Columbus, OH",6.2,3.7,5.7,3.3,7.0,3.6,9.0,4.1,2014.0 
"Greensboro-High Point, NC\15",7.5,6.9,5.9,6.1,8.7,7.5,12.2,8.5,2014.0 
"New Haven-Milford, CT",7.9,3.6,6.0,3.1,4.0,2.4,1.7,1.7,2014.0 
"Raleigh-Cary, NC\27",9.1,5.9,6.5,5.7,5.2,4.3,1.7,2.3,2014.0 
"Rochester, NY",7.0,5.4,6.5,5.1,5.0,4.8,7.5,5.3,2014.0 
"Fresno, CA",3.8,4.0,6.6,4.8,3.4,3.6,4.4,4.2,2014.0 
"Miami-Fort Lauderdale-Miami Beach, FL\20",7.0,2.2,6.6,2.1,7.3,2.1,7.0,2.1,2014.0 
"San Diego-Carlsbad-San Marcos, CA\32",4.9,2.4,6.7,2.8,3.7,2.1,3.9,2.2,2014.0 
"Tucson, AZ ",11.4,6.3,6.7,5.7,6.3,5.2,10.3,5.6,2014.0 
"Baton Rouge, LA",13.1,8.8,6.8,5.8,3.8,4.3,6.6,6.1,2014.0 
"Bridgeport-Stamford-Norwalk, CT",4.1,3.1,6.8,3.9,4.9,3.0,6.5,3.4,2014.0 
"Pittsburgh, PA",5.8,3.3,6.8,3.2,5.4,3.2,6.0,3.6,2014.0 
"Tampa-St Petersburg-Clearwater, FL",10.2,3.8,7.1,3.1,8.4,3.2,8.0,3.4,2014.0 
"Riverside-San Bernardino-Ontario, CA\29",8.2,2.8,7.3,2.7,5.1,2.3,5.5,2.1,2014.0 
"Grand Rapids-Wyoming, MI\14",4.8,5.6,7.4,7.8,2.0,3.7,1.6,3.0,2014.0 
"Baltimore-Towson, MD\3",8.2,2.8,7.9,2.6,7.7,2.7,5.8,2.3,2014.0 
"Salt Lake City, UT\31",15.2,5.1,7.9,4.0,10.6,4.7,4.6,3.3,2014.0 
"Phoenix-Mesa-Scottsdale, AZ\24",9.9,3.1,8.0,2.8,10.5,3.1,10.2,3.1,2014.0 
Providence-New Bedford-Fall River RI-MA\26,7.9,4.3,8.0,4.0,5.3,3.7,5.6,3.6,2014.0 
"Tulsa, OK",14.2,7.0,8.0,5.1,11.8,6.1,5.4,4.3,2014.0 
"Chicago-Naperville-Joliet, IL\8",10.4,2.2,8.2,1.9,9.0,2.0,8.8,1.9,2014.0 
"Detroit-Warren-Livonia, MI\13",12.8,3.5,8.5,3.1,10.9,3.3,5.7,2.5,2014.0 
"Atlanta-Sandy Springs-Marietta, GA\1",10.5,2.6,8.6,2.4,8.4,2.5,7.5,2.3,2014.0 
"Houston-Baytown-Sugar Land, TX\17",10.2,2.5,8.6,2.3,6.6,2.1,9.0,2.4,2014.0 
"Philadelphia-Camden-Wilmington, PA ",10.2,2.8,8.7,2.6,9.2,2.6,10.5,2.8,2014.0 
"Virginia Beach-Norfolk-Newport News, VA\35",7.1,4.4,8.7,4.9,4.2,3.5,6.3,4.0,2014.0 
"Dayton, OH",9.0,6.7,8.8,6.2,10.8,6.7,6.6,5.7,2014.0 
"Sacramento-Arden-Arcade-Roseville, CA\30",5.8,3.2,9.0,4.1,6.5,3.2,4.9,2.8,2014.0 
"New Orleans-Metairie-Kenner, LA\22",7.9,5.3,9.1,5.6,8.5,4.9,8.5,5.1,2014.0 
"Kansas City, MO-KS",11.4,3.1,9.8,3.0,7.8,2.6,9.1,3.1,2014.0 
"Cincinnati-Middletown, OH-KY-IN\9",8.5,3.9,10.0,4.5,6.3,3.5,7.0,3.6,2014.0 
"Las Vegas-Paradise, NV\18",11.2,2.4,10.5,2.4,10.8,2.5,7.8,2.2,2014.0 
"Buffalo-Cheektowaga-Tonawanda, NY\6",6.7,4.8,10.7,6.3,4.5,3.9,10.2,5.2,2014.0 
"El Paso, TX",13.6,8.9,10.8,8.1,5.8,6.1,6.3,6.7,2014.0 
"Memphis, TN-AR-MS",12.6,4.0,11.5,3.9,19.4,5.4,18.2,5.1,2014.0 
"Austin-Round Rock, TX\2",10.3,4.4,11.6,4.6,13.0,5.4,8.9,4.4,2014.0 
"Dallas-Ft Worth-Arlington, TX\11",10.5,2.4,11.8,2.4,8.5,2.2,8.1,2.1,2014.0 
"Oklahoma City, OK",10.6,5.2,12.3,5.3,8.4,4.1,9.6,4.7,2014.0 
"St Louis, MO-IL",7.2,3.5,12.4,4.3,12.9,4.3,8.5,3.6,2014.0 
"Indianapolis, IN",7.8,4.3,12.7,5.3,12.7,4.8,10.0,4.9,2014.0 
"Birmingham-Hoover, AL\4",9.8,6.6,13.2,7.4,11.6,7.6,15.9,7.1,2014.0 
"Jacksonville, FL",7.2,4.9,13.3,5.6,10.9,5.3,12.3,5.6,2014.0 
"Columbia, SC",7.8,6.2,13.4,8.1,10.5,6.9,7.1,5.5,2014.0 
"Orlando, FL",16.6,5.5,13.5,4.7,12.8,4.4,16.0,4.8,2014.0 
"Richmond, VA\28",16.8,6.9,13.9,6.1,10.5,5.7,5.5,4.6,2014.0 
"Akron, OH ",3.1,4.0,15.1,10.1,5.6,5.8,3.3,4.8,2014.0 
"Toledo, OH",11.0,7.8,15.1,9.3,10.6,7.3,4.7,5.3,2014.0 
"Syracuse, NY",6.2,5.3,15.7,8.2,4.4,4.7,5.2,5.6,2014.0 
"Akron, OH ",7.1,6.8,5.8,6.0,11.9,7.3,5.5,5.3,2013.0 
"Albany-Schenectady-Troy, NY ",11.2,7.0,9.5,6.1,9.4,6.6,3.4,4.0,2013.0 
"Alburquerque, NM",9.9,4.5,7.6,4.0,7.5,3.7,6.3,3.5,2013.0 
"Allentown-Bethlehem-Easton, PA-NJ",7.7,5.9,4.1,4.7,6.7,6.3,7.0,6.4,2013.0 
"Atlanta-Sandy Springs-Marietta, GA\1",12.5,2.9,9.7,2.6,10.7,2.7,8.3,2.4,2013.0 
"Austin-Round Rock, TX\2",12.5,4.9,11.1,4.6,10.7,4.5,13.9,4.9,2013.0 
"Bakersfield, CA",7.4,5.6,3.7,4.2,6.1,5.4,11.1,7.5,2013.0 
"Baltimore-Towson, MD\3",9.2,3.0,8.3,2.8,10.1,3.1,10.7,3.2,2013.0 
"Baton Rouge, LA",6.9,6.3,6.0,5.9,6.7,6.2,4.7,5.5,2013.0 
"Birmingham-Hoover, AL\4",5.9,5.6,11.6,6.6,7.9,5.7,13.8,7.8,2013.0 
"Boston-Cambridge-Quincy, MA-NH\5",6.7,2.5,9.0,2.9,6.7,2.5,5.0,2.1,2013.0 
"Bridgeport-Stamford-Norwalk, CT",5.6,3.5,3.1,2.7,4.9,3.2,6.8,3.8,2013.0 
"Buffalo-Cheektowaga-Tonawanda, NY\6",7.3,4.8,12.1,6.2,11.1,6.1,11.3,6.1,2013.0 
"Charlotte-Gastonia-Concord, NC-SC\7",5.7,3.5,3.3,2.9,8.0,4.1,8.2,4.0,2013.0 
"Chicago-Naperville-Joliet, IL\8",12.2,2.4,11.4,2.2,9.4,2.1,10.8,2.3,2013.0 
"Cincinnati-Middletown, OH-KY-IN\9",5.6,3.2,6.5,3.3,13.1,4.6,10.3,4.3,2013.0 
"Cleveland-Elyria-Mentor, OH\10",11.3,4.2,8.9,4.0,8.0,3.9,8.0,4.0,2013.0 
"Columbia, SC",7.1,5.9,12.6,8.2,15.1,7.9,9.3,6.2,2013.0 
"Columbus, OH",9.3,4.4,3.7,2.8,7.4,3.7,5.1,3.2,2013.0 
"Dallas-Ft Worth-Arlington, TX\11",7.7,2.1,9.8,2.4,9.0,2.2,6.2,1.9,2013.0 
"Dayton, OH",14.3,7.5,12.4,7.4,12.3,7.1,6.8,5.9,2013.0 
"Denver-Aurora, CO\12",5.6,2.2,6.8,2.4,4.1,1.9,4.9,2.1,2013.0 
"Detroit-Warren-Livonia, MI\13",11.3,3.4,14.3,3.7,12.1,3.5,10.7,3.3,2013.0 
"El Paso, TX",7.5,7.1,7.3,7.5,4.1,6.0,11.6,8.2,2013.0 
"Fresno, CA",7.2,5.0,5.4,4.3,4.3,4.2,8.7,5.8,2013.0 
"Grand Rapids-Wyoming, MI\14",3.3,5.0,3.3,5.0,4.8,5.6,8.4,7.2,2013.0 
"Greensboro-High Point, NC\15",6.5,6.0,8.0,7.2,11.7,8.0,12.2,8.0,2013.0 
"Hartford-West Hartford-East Hartford, CT\16",12.5,3.8,7.3,3.2,6.2,3.2,9.3,3.7,2013.0 
"Honolulu, HI",4.3,2.0,5.4,2.2,7.3,2.5,7.0,2.5,2013.0 
"Houston-Baytown-Sugar Land, TX\17",10.4,2.6,12.8,2.8,7.6,2.2,9.3,2.4,2013.0 
"Indianapolis, IN",11.8,5.4,11.7,4.8,9.0,4.5,11.1,4.9,2013.0 
"Jacksonville, FL",5.6,4.5,7.3,4.7,8.1,5.2,12.6,6.1,2013.0 
"Kansas City, MO-KS",8.9,2.9,9.4,2.9,11.2,3.1,10.9,3.1,2013.0 
"Las Vegas-Paradise, NV\18",14.9,2.8,13.7,2.7,14.3,2.7,13.5,2.5,2013.0 
"Los Angeles-Long Beach-Santa Ana, CA \19",4.4,1.0,3.3,0.9,3.8,1.0,5.3,1.2,2013.0 
"Louisville, KY-IN",5.7,4.2,7.0,4.5,5.7,4.3,12.3,5.9,2013.0 
"Memphis, TN-AR-MS",14.6,4.5,8.4,3.6,14.6,4.3,15.8,4.6,2013.0 
"Miami-Fort Lauderdale-Miami Beach, FL\20",5.1,1.9,8.2,2.4,7.6,2.2,6.0,2.0,2013.0 
"Milwaukee-Waukesha-West Allis, WI",15.7,4.8,10.6,4.1,5.8,3.0,4.2,2.7,2013.0 
"Minneapolis-St Paul-Bloomington, MN-WI ",5.2,2.1,4.8,2.0,5.4,2.1,6.2,2.3,2013.0 
"Nashville-Davidson-Murfreesboro, TN\21",7.8,4.2,5.0,3.7,3.2,3.0,4.9,3.7,2013.0 
"New Haven-Milford, CT",6.3,3.2,8.1,3.5,5.8,3.0,11.1,4.1,2013.0 
"New Orleans-Metairie-Kenner, LA\22",9.7,5.7,11.1,6.5,12.2,6.3,11.2,5.8,2013.0 
"New York-Northern New Jersey--Long Island, NY\23",5.1,0.9,6.0,1.0,5.0,0.9,5.5,0.9,2013.0 
"Oklahoma City, OK",11.4,5.3,5.6,3.7,8.9,4.8,9.0,4.8,2013.0 
"Omaha-Council Bluffs, NE-IA",6.2,3.7,4.1,2.8,6.1,3.6,8.1,4.2,2013.0 
"Orlando, FL",13.3,4.9,15.1,5.3,17.4,5.2,12.4,4.9,2013.0 
"Oxnard-Thousand Oaks-Ventura, CA",8.2,7.2,10.4,8.5,1.8,3.3,1.9,3.5,2013.0 
"Philadelphia-Camden-Wilmington, PA ",11.2,2.9,10.1,2.8,13.4,3.2,11.7,3.1,2013.0 
"Phoenix-Mesa-Scottsdale, AZ\24",10.1,3.1,8.5,2.9,8.6,2.9,11.5,3.3,2013.0 
"Pittsburgh, PA",12.4,4.4,7.6,3.7,7.6,3.7,3.5,2.5,2013.0 
"Portland-Vancouver-Beaverton, OR-WA\25",3.3,2.0,2.1,1.7,2.1,1.6,4.6,2.3,2013.0 
"Poughkeepsie-Newburgh-Middletown, NJ",4.3,5.7,7.0,7.5,7.6,7.0,0.0,0.0,2013.0 
Providence-New Bedford-Fall River RI-MA\26,5.5,3.6,6.1,3.6,6.8,3.8,8.3,4.3,2013.0 
"Raleigh-Cary, NC\27",6.5,5.2,11.7,6.5,5.8,4.6,3.9,3.6,2013.0 
"Richmond, VA\28",7.8,4.1,13.1,5.5,13.5,5.7,11.6,5.8,2013.0 
"Riverside-San Bernardino-Ontario, CA\29",7.9,2.6,9.0,2.8,8.7,2.9,8.7,2.8,2013.0 
"Rochester, NY",4.9,4.5,7.4,5.7,8.1,6.2,4.6,4.5,2013.0 
"Sacramento-Arden-Arcade-Roseville, CA\30",8.1,3.6,6.8,3.6,5.7,3.2,7.5,3.5,2013.0 
"St Louis, MO-IL",15.6,4.9,13.9,4.7,13.1,4.3,10.1,4.1,2013.0 
"Salt Lake City, UT\31",6.3,3.7,5.8,3.5,6.7,3.7,7.9,4.0,2013.0 
"San Antonio, TX ",9.6,4.8,4.7,3.5,12.2,5.3,9.7,4.8,2013.0 
"San Diego-Carlsbad-San Marcos, CA\32",7.0,2.8,5.4,2.5,5.2,2.4,4.4,2.3,2013.0 
"San Francisco-Oakland-Fremont, CA\33",5.6,2.0,3.8,1.7,3.2,1.5,3.2,1.5,2013.0 
"San Jose-Sunnyvale-Santa Clara, CA\34",4.0,2.8,3.3,2.5,2.0,1.9,2.7,2.4,2013.0 
"Seattle-Tacoma-Bellevue, WA",4.6,2.2,4.0,2.0,4.4,2.0,4.0,1.9,2013.0 
"Springfield, MA",9.9,8.1,11.5,8.2,2.1,3.9,0.9,2.3,2013.0 
"Syracuse, NY",8.7,6.4,8.8,6.2,13.7,7.5,10.7,7.3,2013.0 
"Tampa-St Petersburg-Clearwater, FL",8.0,3.3,7.2,3.2,10.6,3.7,10.7,3.7,2013.0 
"Toledo, OH",6.5,6.2,8.6,7.1,6.5,5.6,3.8,4.4,2013.0 
"Tucson, AZ ",20.8,7.9,10.8,6.5,11.7,6.8,11.5,6.2,2013.0 
"Tulsa, OK",13.8,6.5,10.4,5.4,4.2,3.9,14.1,7.4,2013.0 
"Virginia Beach-Norfolk-Newport News, VA\35",7.1,4.5,9.0,4.8,5.8,4.0,6.1,3.9,2013.0 
"Washington-Arlington-Alexandria, DC-VA-MD-WV\36",6.0,2.2,6.3,2.3,7.2,2.4,9.4,2.7,2013.0 
"Worcester, MA",7.4,6.7,6.0,5.9,9.1,6.9,3.7,4.3,2013.0 
"Akron, OH ",5.5,6.3,14.5,9.1,9.7,7.3,9.8,7.7,2012.0 
"Albany-Schenectady-Troy, NY ",9.7,7.4,9.0,6.4,12.4,7.5,6.2,5.3,2012.0 
"Alburquerque, NM",4.9,3.1,4.7,3.0,3.8,2.6,7.1,3.7,2012.0 
"Allentown-Bethlehem-Easton, PA-NJ",7.0,6.7,2.5,4.3,5.7,7.0,9.3,7.3,2012.0 
"Atlanta-Sandy Springs-Marietta, GA\1",12.4,2.9,9.6,2.6,7.7,2.3,12.8,3.0,2012.0 
"Austin-Round Rock, TX\2",7.4,3.9,10.3,4.5,7.3,4.0,13.1,5.0,2012.0 
"Bakersfield, CA",1.5,2.7,0.7,1.9,6.0,5.4,5.0,5.1,2012.0 
"Baltimore-Towson, MD\3",12.9,3.4,10.6,3.1,7.8,2.7,7.5,2.6,2012.0 
"Baton Rouge, LA",4.6,5.4,4.7,6.1,6.4,6.3,6.5,7.0,2012.0 
"Birmingham-Hoover, AL\4",10.8,7.1,10.9,6.8,9.5,6.3,12.2,7.5,2012.0 
"Boston-Cambridge-Quincy, MA-NH\5",5.7,2.4,4.4,2.2,6.2,2.4,7.2,2.5,2012.0 
"Bridgeport-Stamford-Norwalk, CT",6.1,3.7,12.3,5.0,6.3,3.6,2.2,2.1,2012.0 
"Buffalo-Cheektowaga-Tonawanda, NY\6",6.4,4.5,12.3,6.1,13.3,6.3,10.3,6.0,2012.0 
"Charlotte-Gastonia-Concord, NC-SC\7",4.0,2.9,5.8,3.7,9.6,4.6,6.3,3.6,2012.0 
"Chicago-Naperville-Joliet, IL\8",8.8,2.0,8.1,2.0,11.9,2.2,9.8,2.1,2012.0 
"Cincinnati-Middletown, OH-KY-IN\9",9.0,4.0,8.9,3.8,10.4,4.3,9.0,4.0,2012.0 
"Cleveland-Elyria-Mentor, OH\10",11.6,4.5,9.8,3.9,8.6,3.8,10.7,4.2,2012.0 
"Columbia, SC",5.1,4.8,5.6,5.3,4.1,4.5,7.8,6.0,2012.0 
"Columbus, OH",11.8,4.8,8.9,4.2,6.0,3.5,6.5,3.7,2012.0 
"Dallas-Ft Worth-Arlington, TX\11",9.2,2.4,7.9,2.2,8.5,2.2,11.3,2.5,2012.0 
"Dayton, OH",11.5,7.3,10.6,7.2,25.7,10.5,18.8,8.8,2012.0 
"Denver-Aurora, CO\12",5.5,2.2,4.1,1.9,4.6,2.0,4.7,2.1,2012.0 
"Detroit-Warren-Livonia, MI\13",19.1,4.2,13.9,3.8,15.5,4.0,10.4,3.4,2012.0 
"El Paso, TX",7.9,7.5,5.5,6.2,9.8,8.1,9.5,7.5,2012.0 
"Fresno, CA",4.9,4.2,2.4,2.8,7.3,5.5,8.8,5.9,2012.0 
"Grand Rapids-Wyoming, MI\14",4.0,6.1,2.9,4.8,8.3,7.5,6.4,6.8,2012.0 
"Greensboro-High Point, NC\15",6.0,5.8,7.9,6.6,8.3,6.8,8.4,6.5,2012.0 
"Hartford-West Hartford-East Hartford, CT\16",7.5,3.0,4.4,2.7,8.1,3.6,9.6,3.8,2012.0 
"Honolulu, HI",7.9,2.5,6.9,2.4,6.3,2.3,4.0,1.9,2012.0 
"Houston-Baytown-Sugar Land, TX\17",12.8,2.9,13.2,2.9,9.6,2.5,10.1,2.5,2012.0 
"Indianapolis, IN",14.9,5.7,10.6,4.8,7.9,4.3,11.2,5.0,2012.0 
"Jacksonville, FL",14.3,6.1,10.9,5.1,12.0,6.1,9.7,5.5,2012.0 
"Kansas City, MO-KS",9.3,3.0,12.1,3.1,12.5,3.2,10.8,3.1,2012.0 
"Las Vegas-Paradise, NV\18",11.0,2.5,10.8,2.4,13.7,2.6,15.3,2.8,2012.0 
"Los Angeles-Long Beach-Santa Ana, CA \19",4.2,1.0,5.0,1.1,5.0,1.1,5.2,1.1,2012.0 
"Louisville, KY-IN",6.5,4.3,5.4,4.2,6.9,4.5,10.1,5.4,2012.0 
"Memphis, TN-AR-MS",13.3,4.2,16.5,5.1,15.2,4.6,14.8,4.7,2012.0 
"Miami-Fort Lauderdale-Miami Beach, FL\20",6.1,2.1,9.3,2.5,10.0,2.6,7.3,2.2,2012.0 
"Milwaukee-Waukesha-West Allis, WI",3.3,2.5,6.1,3.2,5.2,3.0,17.0,4.9,2012.0 
"Minneapolis-St Paul-Bloomington, MN-WI ",5.0,1.9,4.4,1.9,5.6,2.2,6.3,2.3,2012.0 
"Nashville-Davidson-Murfreesboro, TN\21",8.2,4.7,13.2,5.8,7.4,4.5,5.1,3.5,2012.0 
"New Haven-Milford, CT",10.6,4.2,5.6,3.1,6.5,3.2,9.9,3.7,2012.0 
"New Orleans-Metairie-Kenner, LA\22",15.8,6.5,21.3,8.0,14.4,6.5,12.8,6.3,2012.0 
"New York-Northern New Jersey--Long Island, NY\23",7.8,1.1,6.2,1.0,5.7,1.0,5.9,1.0,2012.0 
"Oklahoma City, OK",9.6,4.9,7.3,4.2,11.0,5.1,13.1,5.6,2012.0 
"Omaha-Council Bluffs, NE-IA",11.1,4.9,9.9,4.5,7.3,4.0,9.9,4.7,2012.0 
"Orlando, FL",22.0,6.3,21.3,6.0,15.7,5.1,15.0,5.7,2012.0 
"Oxnard-Thousand Oaks-Ventura, CA",2.0,3.6,1.1,2.9,2.1,3.8,3.5,4.5,2012.0 
"Philadelphia-Camden-Wilmington, PA ",13.0,3.0,11.0,2.8,12.8,3.1,13.5,3.2,2012.0 
"Phoenix-Mesa-Scottsdale, AZ\24",13.2,3.5,8.2,2.9,8.9,2.9,11.0,3.2,2012.0 
"Pittsburgh, PA",4.9,3.0,6.4,3.4,8.7,4.0,5.4,3.2,2012.0 
"Portland-Vancouver-Beaverton, OR-WA\25",4.2,2.3,5.8,2.8,4.5,2.5,5.2,2.5,2012.0 
"Poughkeepsie-Newburgh-Middletown, NJ",6.3,7.6,4.2,6.6,1.0,2.8,5.0,5.9,2012.0 
Providence-New Bedford-Fall River RI-MA\26,11.6,5.0,5.0,3.5,8.5,4.3,6.9,4.0,2012.0 
"Raleigh-Cary, NC\27",5.0,4.4,9.4,6.2,13.1,6.7,7.9,5.5,2012.0 
"Richmond, VA\28",19.0,6.4,14.9,5.8,20.7,6.8,15.4,5.9,2012.0 
"Riverside-San Bernardino-Ontario, CA\29",9.4,3.0,10.8,3.2,8.8,2.9,7.0,2.5,2012.0 
"Rochester, NY",1.3,2.5,1.4,2.6,9.6,6.2,4.4,4.6,2012.0 
"Sacramento-Arden-Arcade-Roseville, CA\30",6.8,3.3,4.6,2.8,3.4,2.5,7.5,3.5,2012.0 
"St Louis, MO-IL",15.6,4.7,14.3,4.5,8.2,3.6,12.2,4.5,2012.0 
"Salt Lake City, UT\31",5.8,3.5,8.5,4.2,9.3,4.4,5.6,3.6,2012.0 
"San Antonio, TX ",10.7,5.2,11.2,5.3,7.5,4.0,7.5,3.9,2012.0 
"San Diego-Carlsbad-San Marcos, CA\32",8.6,3.1,8.6,3.1,4.9,2.4,6.4,2.7,2012.0 
"San Francisco-Oakland-Fremont, CA\33",3.6,1.6,3.2,1.6,2.5,1.3,3.5,1.6,2012.0 
"San Jose-Sunnyvale-Santa Clara, CA\34",3.5,2.8,3.5,2.7,5.3,3.2,2.8,2.4,2012.0 
"Seattle-Tacoma-Bellevue, WA",4.6,2.1,3.2,1.7,7.3,2.5,7.7,2.7,2012.0 
"Springfield, MA",3.6,5.3,10.6,8.0,7.8,6.7,5.2,5.8,2012.0 
"Syracuse, NY",5.7,5.3,6.9,5.9,2.7,4.1,9.4,6.6,2012.0 
"Tampa-St Petersburg-Clearwater, FL",13.8,4.3,15.5,4.6,10.9,3.9,12.1,4.0,2012.0 
"Toledo, OH",6.4,5.7,6.3,6.5,3.8,4.9,3.6,4.7,2012.0 
"Tucson, AZ ",11.2,6.2,16.2,7.4,15.3,7.6,14.7,7.0,2012.0 
"Tulsa, OK",13.4,6.4,10.3,5.8,7.7,5.0,7.0,4.6,2012.0 
"Virginia Beach-Norfolk-Newport News, VA\35",6.8,4.3,14.4,5.9,9.8,4.8,3.7,3.2,2012.0 
"Washington-Arlington-Alexandria, DC-VA-MD-WV\36",7.0,2.4,4.2,1.9,6.8,2.4,7.8,2.6,2012.0 
"Worcester, MA",4.6,5.3,0.8,2.1,3.9,4.1,5.7,5.5,2012.0 
"Akron, OH ",16.0,10.0,9.1,8.1,8.3,7.0,11.1,8.7,2011.0 
"Albany-Schenectady-Troy, NY ",11.0,7.6,10.1,7.4,4.5,4.8,13.2,8.0,2011.0 
"Alburquerque, NM",12.7,5.5,9.2,4.6,4.3,3.0,2.8,2.5,2011.0 
"Allentown-Bethlehem-Easton, PA-NJ",4.1,5.5,6.2,6.5,5.8,6.6,8.9,8.3,2011.0 
"Atlanta-Sandy Springs-Marietta, GA\1",14.2,3.3,11.8,3.0,9.4,2.7,11.4,2.9,2011.0 
"Austin-Round Rock, TX\2",8.5,4.4,7.0,3.9,6.1,3.5,4.3,3.1,2011.0 
"Bakersfield, CA",5.2,5.4,4.5,4.7,3.7,4.7,2.1,3.8,2011.0 
"Baltimore-Towson, MD\3",10.0,2.9,9.5,3.0,12.1,3.4,11.3,3.2,2011.0 
"Baton Rouge, LA",12.5,9.5,13.0,9.4,7.9,6.8,11.3,8.3,2011.0 
"Birmingham-Hoover, AL\4",17.3,9.3,16.6,9.0,8.7,6.4,8.2,6.7,2011.0 
"Boston-Cambridge-Quincy, MA-NH\5",4.6,2.2,4.3,2.0,7.1,2.6,6.1,2.4,2011.0 
"Bridgeport-Stamford-Norwalk, CT",4.6,3.3,3.0,2.8,7.1,3.8,9.8,4.4,2011.0 
"Buffalo-Cheektowaga-Tonawanda, NY\6",12.5,6.6,11.2,6.3,10.9,6.4,8.3,5.5,2011.0 
"Charlotte-Gastonia-Concord, NC-SC\7",5.5,3.6,7.1,4.1,14.6,5.8,13.6,5.6,2011.0 
"Chicago-Naperville-Joliet, IL\8",9.3,2.1,9.7,2.2,10.2,2.2,10.4,2.2,2011.0 
"Cincinnati-Middletown, OH-KY-IN\9",8.9,4.2,10.1,4.3,11.2,4.5,13.8,4.8,2011.0 
"Cleveland-Elyria-Mentor, OH\10",9.4,4.4,10.4,4.5,11.4,4.6,12.4,4.6,2011.0 
"Columbia, SC",12.0,7.6,8.5,7.2,6.9,6.2,7.2,5.7,2011.0 
"Columbus, OH",9.6,4.4,8.4,3.9,8.6,4.0,6.5,3.4,2011.0 
"Dallas-Ft Worth-Arlington, TX\11",12.4,2.7,12.9,2.8,11.9,2.7,10.0,2.5,2011.0 
"Dayton, OH",10.7,7.5,10.7,7.8,12.8,8.0,10.1,7.2,2011.0 
"Denver-Aurora, CO\12",7.7,2.6,5.7,2.3,8.5,2.7,5.2,2.1,2011.0 
"Detroit-Warren-Livonia, MI\13",18.9,4.2,17.2,3.9,14.9,3.9,16.2,4.3,2011.0 
"El Paso, TX",7.8,8.0,10.6,8.4,3.3,5.0,15.8,11.0,2011.0 
"Fresno, CA",7.0,5.1,7.5,5.2,7.6,5.3,9.8,5.9,2011.0 
"Grand Rapids-Wyoming, MI\14",4.2,6.4,7.5,7.9,5.9,6.3,6.7,7.1,2011.0 
"Greensboro-High Point, NC\15",9.0,6.5,12.6,7.4,16.3,8.9,9.8,7.2,2011.0 
"Hartford-West Hartford-East Hartford, CT\16",12.1,4.3,11.2,4.3,8.6,3.5,8.4,3.4,2011.0 
"Honolulu, HI",7.2,2.4,7.4,2.5,6.1,2.3,6.8,2.4,2011.0 
"Houston-Baytown-Sugar Land, TX\17",16.6,3.0,17.4,3.1,17.1,3.2,14.6,3.1,2011.0 
"Indianapolis, IN",14.7,5.9,13.5,5.7,14.5,5.5,9.6,4.7,2011.0 
"Jacksonville, FL",19.1,7.3,10.2,5.4,12.1,5.8,12.0,6.0,2011.0 
"Kansas City, MO-KS",9.9,3.1,11.0,3.2,15.2,3.7,12.3,3.5,2011.0 
"Las Vegas-Paradise, NV\18",11.5,2.7,11.2,2.6,13.2,2.7,12.3,2.6,2011.0 
"Los Angeles-Long Beach-Santa Ana, CA \19",5.3,1.2,6.0,1.2,5.0,1.1,5.1,1.1,2011.0 
"Louisville, KY-IN",9.6,5.1,7.4,4.7,12.6,5.8,11.1,5.7,2011.0 
"Memphis, TN-AR-MS",14.5,4.5,13.5,4.5,14.8,4.5,18.5,4.8,2011.0 
"Miami-Fort Lauderdale-Miami Beach, FL\20",10.1,2.7,12.0,2.9,13.6,3.1,11.4,2.8,2011.0 
"Milwaukee-Waukesha-West Allis, WI",8.9,4.0,4.5,2.9,9.8,4.2,7.2,3.6,2011.0 
"Minneapolis-St Paul-Bloomington, MN-WI ",5.7,2.0,6.2,2.1,8.0,2.5,6.9,2.3,2011.0 
"Nashville-Davidson-Murfreesboro, TN\21",5.0,4.2,4.8,3.8,12.2,5.9,10.3,5.2,2011.0 
"New Haven-Milford, CT",8.4,3.9,9.8,4.2,13.3,4.8,11.3,4.4,2011.0 
"New Orleans-Metairie-Kenner, LA\22",11.6,5.7,16.5,7.0,12.3,6.5,11.9,6.2,2011.0 
"New York-Northern New Jersey--Long Island, NY\23",5.5,1.0,6.1,1.0,7.2,1.1,6.8,1.0,2011.0 
"Oklahoma City, OK",10.7,5.6,9.6,5.1,9.7,5.0,9.6,5.0,2011.0 
"Omaha-Council Bluffs, NE-IA",14.0,5.3,10.4,4.7,7.9,4.3,11.8,4.9,2011.0 
"Orlando, FL",22.6,6.4,15.9,5.7,16.6,5.6,20.5,5.9,2011.0 
"Oxnard-Thousand Oaks-Ventura, CA",5.9,6.7,0.0,(z),3.0,4.4,4.1,4.7,2011.0 
"Philadelphia-Camden-Wilmington, PA ",11.2,3.0,10.6,2.9,13.7,3.2,15.2,3.4,2011.0 
"Phoenix-Mesa-Scottsdale, AZ\24",12.9,3.5,9.6,3.0,10.4,3.0,10.9,3.2,2011.0 
"Pittsburgh, PA",5.9,3.5,6.1,3.3,7.4,3.8,5.7,3.4,2011.0 
"Portland-Vancouver-Beaverton, OR-WA\25",4.0,2.4,3.5,2.2,3.1,2.1,2.9,1.9,2011.0 
"Poughkeepsie-Newburgh-Middletown, NJ",8.5,7.9,14.2,10.5,17.0,11.3,12.8,9.9,2011.0 
Providence-New Bedford-Fall River RI-MA\26,11.8,5.0,8.2,4.4,8.8,4.5,6.2,3.7,2011.0 
"Raleigh-Cary, NC\27",11.0,6.2,9.6,5.7,6.5,5.2,8.1,5.5,2011.0 
"Richmond, VA\28",13.6,5.3,12.6,5.3,11.9,5.7,16.8,6.3,2011.0 
"Riverside-San Bernardino-Ontario, CA\29",9.0,3.0,6.9,2.8,9.7,3.0,8.0,2.7,2011.0 
"Rochester, NY",5.6,5.6,4.7,4.4,8.4,5.7,0.6,1.6,2011.0 
"Sacramento-Arden-Arcade-Roseville, CA\30",7.0,3.4,6.1,3.1,7.6,3.6,7.8,3.6,2011.0 
"St Louis, MO-IL",12.2,4.2,11.4,4.0,10.5,4.0,16.4,5.0,2011.0 
"Salt Lake City, UT\31",10.4,4.5,5.1,3.3,8.5,4.4,5.8,3.5,2011.0 
"San Antonio, TX ",11.7,5.0,8.5,4.8,6.5,3.8,9.8,4.6,2011.0 
"San Diego-Carlsbad-San Marcos, CA\32",5.6,2.6,7.0,2.9,8.5,3.1,6.5,2.8,2011.0 
"San Francisco-Oakland-Fremont, CA\33",6.7,2.3,6.0,2.1,8.5,2.5,6.1,2.1,2011.0 
"San Jose-Sunnyvale-Santa Clara, CA\34",6.1,3.6,3.2,2.6,4.6,3.2,5.2,3.4,2011.0 
"Seattle-Tacoma-Bellevue, WA",6.8,2.6,7.5,2.5,6.8,2.4,5.8,2.3,2011.0 
"Springfield, MA",7.7,7.0,1.9,3.6,2.6,4.0,3.8,5.6,2011.0 
"Syracuse, NY",6.1,5.7,5.4,5.7,8.7,7.1,2.6,3.9,2011.0 
"Tampa-St Petersburg-Clearwater, FL",9.2,3.8,10.4,3.9,13.6,4.4,13.5,4.4,2011.0 
"Toledo, OH",9.6,7.2,19.3,9.1,14.8,9.0,5.5,6.3,2011.0 
"Tucson, AZ ",16.7,7.6,15.9,7.4,17.0,8.0,10.0,5.9,2011.0 
"Tulsa, OK",13.0,5.6,14.7,6.0,13.3,5.8,10.7,5.5,2011.0 
"Virginia Beach-Norfolk-Newport News, VA\35",9.3,4.9,7.8,4.6,9.7,5.1,10.9,5.2,2011.0 
"Washington-Arlington-Alexandria, DC-VA-MD-WV\36",6.6,2.4,6.4,2.4,8.3,2.7,10.3,2.9,2011.0 
"Worcester, MA",6.7,5.8,4.7,5.0,2.8,4.2,5.0,5.8,2011.0 
"Akron, OH ",17.6,10.9,21.9,12.7,6.7,7.7,3.8,5.7,2010.0 
"Memphis, TN-AR-MS",15.6,4.8,21.2,5.3,20.9,5.3,16.1,4.9,2010.0 
"Jacksonville, FL",19.5,7.6,18.6,7.3,7.5,5.1,10.4,5.5,2010.0 
"Orlando, FL",20.6,6.4,18.2,6.2,13.5,5.4,23.6,6.6,2010.0 
"Houston-Baytown-Sugar Land, TX\17",14.8,3.0,17.4,3.2,17.9,3.3,14.5,3.0,2010.0 
"Kansas City, MO-KS",12.1,3.3,17.2,3.7,15.0,3.7,11.2,3.5,2010.0 
"Indianapolis, IN",10.2,5.3,16.4,5.9,15.9,5.7,13.2,5.5,2010.0 
"Detroit-Warren-Livonia, MI\13",17.7,4.1,16.1,3.9,16.1,4.1,15.6,4.0,2010.0 
"Dallas-Ft Worth-Arlington, TX\11",13.3,2.9,15.5,3.1,15.1,3.0,10.2,2.5,2010.0 
"Phoenix-Mesa-Scottsdale, AZ\24",19.8,4.4,15.4,3.9,14.9,3.7,15.5,3.8,2010.0 
"Tulsa, OK",19.3,6.9,15.4,5.8,16.4,6.4,12.4,5.9,2010.0 
"Las Vegas-Paradise, NV\18",13.0,2.9,15.1,3.0,13.6,2.9,13.5,2.8,2010.0 
"Raleigh-Cary, NC\27",6.2,4.5,15.1,7.2,15.2,7.5,9.7,6.4,2010.0 
"New Orleans-Metairie-Kenner, LA\22",14.3,7.0,14.8,7.2,17.1,7.6,14.9,6.5,2010.0 
"Toledo, OH",13.6,8.3,14.8,9.0,24.1,11.5,6.8,6.1,2010.0 
"Chicago-Naperville-Joliet, IL\8",12.8,2.4,14.5,2.6,11.8,2.3,9.5,2.1,2010.0 
"New Haven-Milford, CT",11.8,4.6,14.2,4.9,10.0,4.1,8.6,3.9,2010.0 
"Richmond, VA\28",8.4,5.1,14.0,5.7,17.6,6.5,13.5,5.9,2010.0 
"Austin-Round Rock, TX\2",8.6,4.7,13.8,5.9,16.8,6.1,8.1,4.4,2010.0 
"Tampa-St Petersburg-Clearwater, FL",17.1,4.8,13.8,4.7,10.0,3.8,9.4,3.8,2010.0 
"San Antonio, TX ",13.2,5.4,13.7,5.8,16.2,5.9,13.1,5.3,2010.0 
"Syracuse, NY",7.9,6.4,13.6,8.2,9.3,6.9,11.5,7.1,2010.0 
"Cincinnati-Middletown, OH-KY-IN\9",11.5,4.4,13.3,4.7,14.0,4.7,9.3,4.0,2010.0 
"Riverside-San Bernardino-Ontario, CA\29",12.7,3.8,13.3,3.9,12.8,3.7,10.4,3.4,2010.0 
"Atlanta-Sandy Springs-Marietta, GA\1",14.9,3.3,13.2,3.1,14.1,3.2,13.0,3.1,2010.0 
"Buffalo-Cheektowaga-Tonawanda, NY\6",7.2,4.8,13.2,6.4,12.2,6.2,11.8,6.0,2010.0 
"Grand Rapids-Wyoming, MI\14",3.8,5.7,12.9,9.7,8.7,7.9,1.8,3.9,2010.0 
"Louisville, KY-IN",6.8,5.2,12.5,5.9,7.0,4.5,11.4,5.6,2010.0 
"Allentown-Bethlehem-Easton, PA-NJ",6.9,6.5,12.4,8.5,10.7,7.7,6.2,6.4,2010.0 
"Philadelphia-Camden-Wilmington, PA ",14.4,3.5,12.1,3.2,10.6,2.9,9.5,2.8,2010.0 
"Charlotte-Gastonia-Concord, NC-SC\7",11.6,5.2,12.0,5.3,11.4,5.5,9.6,5.0,2010.0 
"Baltimore-Towson, MD\3",13.3,3.3,11.4,3.1,12.0,3.2,10.2,3.1,2010.0 
"Hartford-West Hartford-East Hartford, CT\16",12.7,4.5,11.2,4.0,8.1,3.3,14.8,4.5,2010.0 
"Miami-Fort Lauderdale-Miami Beach, FL\20",11.1,2.9,11.1,2.8,9.1,2.6,9.0,2.6,2010.0 
"Worcester, MA",8.0,6.5,10.9,7.3,6.3,6.2,4.6,4.9,2010.0 
"Washington-Arlington-Alexandria, DC-VA-MD-WV\36",10.5,2.9,10.6,3.0,7.1,2.5,6.8,2.4,2010.0 
"Sacramento-Arden-Arcade-Roseville, CA\30",7.1,3.5,10.5,4.3,7.3,3.5,8.6,4.0,2010.0 
"Oklahoma City, OK",6.3,4.2,10.1,5.4,9.5,5.0,12.9,6.0,2010.0 
"Albany-Schenectady-Troy, NY ",7.8,6.3,10.0,7.1,6.3,6.2,7.7,6.6,2010.0 
"Cleveland-Elyria-Mentor, OH\10",11.6,4.9,10.0,4.5,11.9,4.7,11.8,4.7,2010.0 
"Omaha-Council Bluffs, NE-IA",9.1,4.6,10.0,4.8,9.7,4.7,11.5,5.1,2010.0 
"St Louis, MO-IL",12.5,4.3,9.8,4.1,10.5,4.0,12.1,4.3,2010.0 
"Bridgeport-Stamford-Norwalk, CT",7.9,4.3,9.7,4.7,5.7,3.6,11.4,4.7,2010.0 
"Dayton, OH",16.9,8.0,9.6,6.6,22.3,9.7,26.4,10.3,2010.0 
"Columbia, SC",8.7,7.0,9.5,8.4,11.7,8.6,8.2,6.6,2010.0 
"Birmingham-Hoover, AL\4",8.9,6.8,9.3,6.9,7.4,6.4,9.6,7.5,2010.0 
"Greensboro-High Point, NC\15",14.0,8.7,9.2,7.2,18.0,9.9,10.7,7.5,2010.0 
"Nashville-Davidson-Murfreesboro, TN\21",15.3,6.5,9.0,5.4,3.6,3.5,4.0,3.8,2010.0 
"Pittsburgh, PA",8.4,4.0,9.0,4.1,6.2,3.6,7.3,3.9,2010.0 
"Fresno, CA",3.8,3.7,8.9,5.5,16.6,7.3,11.0,6.3,2010.0 
"Rochester, NY",4.8,4.8,8.9,6.3,6.3,5.7,5.1,5.1,2010.0 
"San Diego-Carlsbad-San Marcos, CA\32",8.5,3.1,8.9,3.2,8.2,3.0,5.7,2.5,2010.0 
"Baton Rouge, LA",11.3,8.6,8.5,6.9,8.9,7.3,9.2,7.9,2010.0 
"Minneapolis-St Paul-Bloomington, MN-WI ",7.6,2.5,8.5,2.6,8.5,2.6,5.1,2.0,2010.0 
"Oxnard-Thousand Oaks-Ventura, CA",5.7,6.4,8.5,6.7,5.4,5.7,5.6,5.9,2010.0 
"Columbus, OH",4.9,3.2,8.4,4.0,10.9,4.7,7.9,4.0,2010.0 
"Denver-Aurora, CO\12",10.0,3.0,8.0,2.7,7.5,2.7,7.2,2.6,2010.0 
"Virginia Beach-Norfolk-Newport News, VA\35",7.6,4.3,7.9,4.4,9.8,5.0,9.8,4.9,2010.0 
"Tucson, AZ ",10.0,5.8,7.8,5.5,12.8,6.5,13.6,7.1,2010.0 
"Poughkeepsie-Newburgh-Middletown, NJ",6.9,8.2,7.5,7.5,9.7,9.0,13.4,9.9,2010.0 
"New York-Northern New Jersey--Long Island, NY\23",6.2,1.0,7.4,1.1,5.9,1.0,6.8,1.1,2010.0 
Providence-New Bedford-Fall River RI-MA\26,7.0,4.1,7.4,4.3,8.9,4.4,6.7,3.8,2010.0 
"Honolulu, HI",6.9,2.5,7.3,2.5,6.9,2.4,7.9,2.5,2010.0 
"Seattle-Tacoma-Bellevue, WA",8.0,2.7,6.9,2.5,8.5,2.7,6.2,2.4,2010.0 
"Los Angeles-Long Beach-Santa Ana, CA \19",8.4,1.5,6.5,1.3,6.0,1.2,6.2,1.2,2010.0 
"Bakersfield, CA",7.8,6.6,5.9,5.6,6.3,6.5,5.4,5.6,2010.0 
"Boston-Cambridge-Quincy, MA-NH\5",3.6,1.8,5.9,2.4,9.7,3.1,6.1,2.5,2010.0 
"Alburquerque, NM",6.5,3.8,5.7,3.6,5.4,3.3,2.6,2.4,2010.0 
"San Francisco-Oakland-Fremont, CA\33",6.5,2.3,5.6,2.1,6.0,2.2,5.8,2.1,2010.0 
"Milwaukee-Waukesha-West Allis, WI",8.9,3.9,5.1,3.0,10.0,4.3,6.4,3.4,2010.0 
"Portland-Vancouver-Beaverton, OR-WA\25",3.8,2.2,4.5,2.4,4.8,2.6,3.9,2.2,2010.0 
"San Jose-Sunnyvale-Santa Clara, CA\34",9.1,4.1,4.0,2.9,9.3,4.3,10.3,4.5,2010.0 
"Springfield, MA",10.9,7.6,4.0,5.1,8.1,6.9,5.7,6.1,2010.0 
"Salt Lake City, UT\31",8.1,4.1,3.8,2.8,7.2,3.9,5.0,3.2,2010.0 
"El Paso, TX",6.0,6.3,2.1,3.9,6.5,6.8,9.2,8.6,2010.0 
"Akron, OH ",15.3,9.9,11.2,8.8,14.8,10.0,15.4,11.7,2009.0 
"Albany-Schenectady-Troy, NY ",5.7,5.6,7.3,6.3,7.8,6.1,4.1,4.8,2009.0 
"Alburquerque, NM",6.8,4.0,5.6,3.6,13.2,5.2,6.1,3.6,2009.0 
"Allentown-Bethlehem-Easton, PA-NJ",8.3,7.1,4.1,5.3,10.4,8.2,7.3,6.6,2009.0 
"Atlanta-Sandy Springs-Marietta, GA\1",16.8,3.4,18.4,3.5,14.6,3.2,16.6,3.5,2009.0 
"Austin-Round Rock, TX\2",13.3,5.1,14.0,5.2,11.6,5.1,9.6,4.8,2009.0 
"Bakersfield, CA",4.8,5.1,2.5,3.7,9.1,6.8,3.3,4.3,2009.0 
"Baltimore-Towson, MD\3",16.5,3.9,13.0,3.5,10.0,3.0,14.2,3.5,2009.0 
"Baton Rouge, LA",6.6,7.0,6.0,6.3,10.5,8.1,10.5,7.8,2009.0 
"Birmingham-Hoover, AL\4",6.5,5.4,22.7,10.1,11.8,7.1,13.1,7.6,2009.0 
"Boston-Cambridge-Quincy, MA-NH\5",7.8,2.6,5.6,2.3,6.7,2.6,3.7,1.9,2009.0 
"Bridgeport-Stamford-Norwalk, CT",5.8,3.5,9.7,4.5,11.3,4.6,6.8,3.8,2009.0 
"Buffalo-Cheektowaga-Tonawanda, NY\6",7.2,4.6,5.7,4.1,7.6,4.6,6.6,4.5,2009.0 
"Charlotte-Gastonia-Concord, NC-SC\7",12.0,5.4,14.6,6.0,10.9,5.1,11.2,4.8,2009.0 
"Chicago-Naperville-Joliet, IL\8",9.7,2.2,11.4,2.3,11.2,2.3,15.3,2.6,2009.0 
"Cincinnati-Middletown, OH-KY-IN\9",12.6,4.4,6.5,3.3,12.8,4.6,13.3,4.7,2009.0 
"Cleveland-Elyria-Mentor, OH\10",11.6,4.5,10.6,4.5,13.9,5.4,14.2,5.4,2009.0 
"Columbia, SC",5.9,5.6,7.9,6.9,9.9,7.5,10.3,7.5,2009.0 
"Columbus, OH",9.7,4.4,7.9,3.9,8.0,4.1,4.7,3.2,2009.0 
"Dallas-Ft Worth-Arlington, TX\11",9.9,2.4,10.9,2.6,14.2,2.8,11.7,2.6,2009.0 
"Dayton, OH",18.3,8.8,18.4,9.0,16.2,8.7,22.0,9.6,2009.0 
"Denver-Aurora, CO\12",12.5,3.4,10.6,3.1,7.7,2.6,10.3,3.0,2009.0 
"Detroit-Warren-Livonia, MI\13",16.5,3.9,16.4,4.0,16.5,4.1,14.0,3.8,2009.0 
"El Paso, TX",5.9,6.2,10.8,8.5,12.0,8.2,9.7,7.0,2009.0 
"Fresno, CA",4.2,4.1,5.7,4.8,14.9,7.4,13.7,6.9,2009.0 
"Grand Rapids-Wyoming, MI\14",3.1,4.8,6.0,6.4,4.5,5.9,8.5,8.2,2009.0 
"Greensboro-High Point, NC\15",12.7,8.8,11.1,8.0,19.9,11.6,17.7,9.2,2009.0 
"Hartford-West Hartford-East Hartford, CT\16",12.1,4.3,5.6,3.0,7.6,3.5,8.8,3.7,2009.0 
"Honolulu, HI",5.7,2.4,7.9,2.7,8.8,2.8,5.2,2.1,2009.0 
"Houston-Baytown-Sugar Land, TX\17",13.1,3.0,16.2,3.2,18.4,3.5,14.7,3.2,2009.0 
"Indianapolis, IN",8.4,4.6,11.8,5.4,17.3,6.4,13.2,6.0,2009.0 
"Jacksonville, FL",17.2,7.5,17.5,7.3,15.2,7.0,13.8,6.5,2009.0 
"Kansas City, MO-KS",15.0,3.7,16.8,3.9,11.9,3.4,13.8,3.7,2009.0 
"Las Vegas-Paradise, NV\18",16.7,3.2,15.0,3.1,12.9,2.9,12.8,2.9,2009.0 
"Los Angeles-Long Beach-Santa Ana, CA \19",5.4,1.2,6.6,1.3,7.2,1.4,6.5,1.3,2009.0 
"Louisville, KY-IN",12.4,7.1,5.0,4.6,7.8,5.3,20.2,7.1,2009.0 
"Memphis, TN-AR-MS",16.1,4.6,25.8,5.6,26.0,5.5,23.9,5.4,2009.0 
"Miami-Fort Lauderdale-Miami Beach, FL\20",12.7,3.1,15.8,3.4,12.2,3.1,11.9,3.0,2009.0 
"Milwaukee-Waukesha-West Allis, WI",7.9,3.5,8.2,3.5,10.1,4.2,8.7,4.0,2009.0 
"Minneapolis-St Paul-Bloomington, MN-WI ",6.3,2.2,8.0,2.6,10.3,2.8,9.4,2.7,2009.0 
"Nashville-Davidson-Murfreesboro, TN\21",7.5,5.0,8.9,5.1,5.7,4.7,10.9,6.2,2009.0 
"New Haven-Milford, CT",7.7,3.7,9.6,4.0,7.1,3.5,9.9,4.1,2009.0 
"New Orleans-Metairie-Kenner, LA\22",15.6,7.3,18.9,7.6,21.3,8.3,16.1,7.4,2009.0 
"New York-Northern New Jersey--Long Island, NY\23",4.9,0.9,6.5,1.0,6.1,1.0,6.2,1.0,2009.0 
"Oklahoma City, OK",7.8,4.6,8.3,4.9,10.6,5.2,6.4,4.3,2009.0 
"Omaha-Council Bluffs, NE-IA",12.5,5.1,11.5,5.1,12.5,5.2,10.1,4.9,2009.0 
"Orlando, FL",21.9,6.7,18.2,6.1,28.1,7.1,22.9,6.6,2009.0 
"Oxnard-Thousand Oaks-Ventura, CA",3.1,4.6,4.9,6.3,6.2,7.1,5.9,6.2,2009.0 
"Philadelphia-Camden-Wilmington, PA ",12.7,3.1,10.2,2.9,12.1,3.2,10.5,3.0,2009.0 
"Phoenix-Mesa-Scottsdale, AZ\24",18.6,4.3,19.3,4.3,17.3,4.2,17.9,4.3,2009.0 
"Pittsburgh, PA",9.2,4.4,9.0,4.2,10.7,4.6,10.0,4.3,2009.0 
"Portland-Vancouver-Beaverton, OR-WA\25",3.8,2.2,2.9,2.0,5.1,2.7,5.3,2.6,2009.0 
"Poughkeepsie-Newburgh-Middletown, NJ",13.0,9.6,10.0,8.8,12.1,9.0,14.2,10.1,2009.0 
Providence-New Bedford-Fall River RI-MA\26,8.3,4.4,10.3,4.8,6.4,3.8,8.9,4.6,2009.0 
"Raleigh-Cary, NC\27",7.6,5.7,7.2,5.2,12.1,6.3,13.8,7.0,2009.0 
"Richmond, VA\28",26.6,8.3,18.2,6.3,19.7,7.2,9.8,5.5,2009.0 
"Riverside-San Bernardino-Ontario, CA\29",9.7,3.4,11.0,3.7,15.2,4.1,13.3,4.0,2009.0 
"Rochester, NY",2.2,3.4,9.1,7.0,11.7,8.2,10.1,7.2,2009.0 
"Sacramento-Arden-Arcade-Roseville, CA\30",10.8,4.3,9.2,4.3,9.6,4.2,12.6,4.8,2009.0 
"St Louis, MO-IL",8.5,3.7,14.2,4.7,11.7,4.3,10.4,3.9,2009.0 
"Salt Lake City, UT\31",11.9,5.2,9.6,4.5,9.5,4.6,9.9,4.7,2009.0 
"San Antonio, TX ",11.2,5.1,11.0,5.0,14.0,5.8,12.5,5.5,2009.0 
"San Diego-Carlsbad-San Marcos, CA\32",9.9,3.4,9.2,3.3,7.3,3.0,8.6,3.1,2009.0 
"San Francisco-Oakland-Fremont, CA\33",7.1,2.4,5.9,2.2,7.5,2.4,6.3,2.2,2009.0 
"San Jose-Sunnyvale-Santa Clara, CA\34",5.8,3.3,6.8,3.7,8.3,4.0,9.9,4.4,2009.0 
"Seattle-Tacoma-Bellevue, WA",8.7,2.8,8.6,2.8,7.9,2.7,6.8,2.5,2009.0 
"Springfield, MA",8.1,7.9,6.0,7.1,1.8,3.4,3.0,4.0,2009.0 
"Syracuse, NY",13.0,7.9,6.7,5.8,16.1,9.1,13.1,8.1,2009.0 
"Tampa-St Petersburg-Clearwater, FL",12.7,4.3,12.8,4.5,13.1,4.3,11.2,4.0,2009.0 
"Toledo, OH",14.5,8.9,16.9,9.1,10.7,7.8,13.5,8.0,2009.0 
"Tucson, AZ ",11.7,6.4,16.3,7.4,18.4,7.7,10.6,6.1,2009.0 
"Tulsa, OK",8.3,5.3,13.5,6.3,16.5,6.9,21.7,7.6,2009.0 
"Virginia Beach-Norfolk-Newport News, VA\35",4.2,3.5,6.6,4.1,7.1,4.3,6.8,4.6,2009.0 
"Washington-Arlington-Alexandria, DC-VA-MD-WV\36",9.6,2.8,10.1,2.9,9.5,2.8,10.5,2.9,2009.0 
"Worcester, MA",0.8,2.1,2.9,3.8,12.3,7.7,9.8,7.5,2009.0 
"Akron, OH ",16.2 ,11.4,11.1 ,8.1,8.8,8.4,10.9,9.5,2008.0 
"Albany-Schenectady-Troy, NY ",2.7 ,3.6,3.6 ,4.3,5.4,5.3,6.6,5.5,2008.0 
"Alburquerque, NM",7.9 ,4.3,6.4,4.1,9.2,4.6,8.9,4.5,2008.0 
"Allentown-Bethlehem-Easton, PA-NJ",11.5 ,8.9,16.4,9.9,9.7,8.2,7.6,6.3,2008.0 
"Atlanta-Sandy Springs-Marietta, GA\1",16.6 ,3.3,16.0,3.3,15.6,3.3,16.1,3.4,2008.0 
"Austin-Round Rock, TX\2",8.5 ,4.4,12.6,5.4,10.0,4.9,15.8,5.5,2008.0 
"Bakersfield, CA",6.6 ,5.9,9.1,6.6,3.5,4.4,14.7,8.2,2008.0 
"Baltimore-Towson, MD\3",12.1 ,3.5,10.9,3.3,13.0,3.6,13.4,3.4,2008.0 
"Baton Rouge, LA",9.8 ,8.9,11.5,9.7,10.0,9.0,6.6,6.5,2008.0 
"Birmingham-Hoover, AL\4",9.3 ,6.3,15.6,7.9,5.6,5.3,11.6,7.0,2008.0 
"Boston-Cambridge-Quincy, MA-NH\5",6.6 ,2.5,6.3,2.5,7.7,2.6,3.0,1.7,2008.0 
"Bridgeport-Stamford-Norwalk, CT",7.9 ,4.3,11.7,5.1,4.8,3.3,4.7,3.4,2008.0 
"Buffalo-Cheektowaga-Tonawanda, NY\6",5.3 ,4.3,6.8,4.8,11.9,5.6,3.0,3.3,2008.0 
"Charlotte-Gastonia-Concord, NC-SC\7",9.1 ,4.6,9.9,5.1,14.4,5.6,14.7,5.6,2008.0 
"Chicago-Naperville-Joliet, IL\8",10.1 ,2.3,9.2,2.1,8.2,2.0,11.8,2.3,2008.0 
"Cincinnati-Middletown, OH-KY-IN\9",8.6 ,4.1,9.4,4.3,6.1,3.5,9.8,4.2,2008.0 
"Cleveland-Elyria-Mentor, OH\10",12.3 ,5.1,15.5,5.4,9.0,4.4,16.8,6.0,2008.0 
"Columbia, SC",5.6 ,5.8,8.8,7.1,7.2,6.4,5.7,5.8,2008.0 
"Columbus, OH",10.0 ,4.6,9.3,4.3,8.7,4.1,8.9,4.2,2008.0 
"Dallas-Ft Worth-Arlington, TX\11",9.4 ,2.5,10.5,2.6,11.1,2.6,11.1,2.5,2008.0 
"Dayton, OH",16.9 ,8.2,16.1,8.2,10.9,7.4,21.7,9.6,2008.0 
"Denver-Aurora, CO\12",6.9 ,2.6,6.6,2.5,7.0,2.6,7.9,2.8,2008.0 
"Detroit-Warren-Livonia, MI\13",16.9 ,4.1,16.5,3.9,20.4,4.6,19.9,4.3,2008.0 
"El Paso, TX",11.6 ,9.2,3.5,5.3,11.3,8.1,10.5,7.5,2008.0 
"Fresno, CA",5.6 ,4.8,9.4,6.1,10.6,6.6,10.1,6.3,2008.0 
"Grand Rapids-Wyoming, MI\14",5.4 ,6.3,4.3,5.6,12.0,9.5,8.4,8.2,2008.0 
"Greensboro-High Point, NC\15",15.6 ,9.4,14.5,9.0,26.4,11.7,15.0,8.2,2008.0 
"Hartford-West Hartford-East Hartford, CT\16",10.7 ,3.9,7.8,3.3,9.6,3.6,10.5,4.0,2008.0 
"Honolulu, HI",4.3 ,2.0,6.4,2.5,4.1,2.0,5.8,2.3,2008.0 
"Houston-Baytown-Sugar Land, TX\17",18.3 ,3.6,15.9,3.5,14.3,3.3,14.0,3.1,2008.0 
"Indianapolis, IN",18.1 ,6.7,16.8,7.1,25.8,8.2,17.1,6.6,2008.0 
"Jacksonville, FL",13.4 ,6.7,14.9,6.7,18.5,8.1,14.7,6.6,2008.0 
"Kansas City, MO-KS",11.9 ,3.5,15.7,3.8,13.4,3.8,15.2,4.0,2008.0 
"Las Vegas-Paradise, NV\18",15.2 ,3.1,12.9,3.0,15.2,3.1,16.0,3.1,2008.0 
"Los Angeles-Long Beach-Santa Ana, CA \19",5.7 ,1.2,4.5,1.2,5.4,1.2,5.6,1.2,2008.0 
"Louisville, KY-IN",11.0 ,6.6,8.1,5.8,13.1,6.9,8.5,5.8,2008.0 
"Memphis, TN-AR-MS",6.5 ,3.3,23.8,5.6,17.1,5.1,19.6,5.3,2008.0 
"Miami-Fort Lauderdale-Miami Beach, FL\20",11.4 ,3.0,11.9,3.1,12.1,3.0,13.1,3.0,2008.0 
"Milwaukee-Waukesha-West Allis, WI",9.6 ,3.8,7.8,3.6,5.4,3.1,8.1,3.7,2008.0 
"Minneapolis-St Paul-Bloomington, MN-WI ",7.6 ,2.5,6.9,2.3,7.3,2.3,6.9,2.3,2008.0 
"Nashville-Davidson-Murfreesboro, TN\21",13.1 ,6.3,10.5,5.4,13.6,6.6,4.7,4.2,2008.0 
"New Haven-Milford, CT",8.6 ,3.6,9.5,4.3,4.8,3.0,10.6,4.1,2008.0 
"New Orleans-Metairie-Kenner, LA\22",4.4 ,4.8,17.0,8.1,15.3,7.7,11.4,6.3,2008.0 
"New York-Northern New Jersey--Long Island, NY\23",5.5 ,1.0,5.9,1.0,4.8,0.8,4.5,0.9,2008.0 
"Oklahoma City, OK",8.2 ,4.9,11.4,5.3,9.9,5.4,10.1,5.3,2008.0 
"Omaha-Council Bluffs, NE-IA",12.9 ,5.1,12.8,5.3,14.0,5.8,10.9,4.8,2008.0 
"Orlando, FL",24.0 ,6.6,27.3,7.1,24.2,6.4,12.3,5.1,2008.0 
"Oxnard-Thousand Oaks-Ventura, CA",4.0 ,5.1,6.3,6.6,1.0,2.6,5.9,6.7,2008.0 
"Philadelphia-Camden-Wilmington, PA ",12.7 ,3.3,12.1,3.3,10.9,3.1,11.6,3.2,2008.0 
"Phoenix-Mesa-Scottsdale, AZ\24",12.3 ,3.8,12.3,3.6,15.9,4.1,19.0,4.3,2008.0 
"Pittsburgh, PA",8.3 ,4.3,6.5,3.8,7.6,4.1,8.6,4.2,2008.0 
"Portland-Vancouver-Beaverton, OR-WA\25",3.6 ,2.1,6.9,3.0,5.4,2.6,6.2,2.8,2008.0 
"Poughkeepsie-Newburgh-Middletown, NJ",6.7 ,7.9,8.7,8.7,11.5,9.9,9.3,8.5,2008.0 
Providence-New Bedford-Fall River RI-MA\26,14.2 ,5.6,9.3,4.8,7.2,4.3,7.5,4.3,2008.0 
"Raleigh-Cary, NC\27",12.2 ,7.6,7.5,5.9,9.7,6.6,10.3,6.6,2008.0 
"Richmond, VA\28",22.6 ,7.4,18.4,6.7,19.3,6.9,23.7,8.2,2008.0 
"Riverside-San Bernardino-Ontario, CA\29",11.0 ,3.6,9.2,3.6,9.1,3.5,8.4,3.1,2008.0 
"Rochester, NY",1.7 ,3.1,11.9,8.2,8.3,6.6,6.6,6.1,2008.0 
"Sacramento-Arden-Arcade-Roseville, CA\30",12.1 ,4.4,10.7,4.6,10.7,4.3,8.2,3.8,2008.0 
"St Louis, MO-IL",12.2 ,4.3,8.1,3.6,11.5,4.3,10.9,4.0,2008.0 
"Salt Lake City, UT\31",8.7 ,4.9,9.5,4.9,9.4,4.8,9.3,4.9,2008.0 
"San Antonio, TX ",12.0 ,4.9,13.1,5.4,11.2,4.9,9.8,4.8,2008.0 
"San Diego-Carlsbad-San Marcos, CA\32",5.0 ,2.5,7.5,3.1,8.8,3.3,7.4,2.9,2008.0 
"San Francisco-Oakland-Fremont, CA\33",4.7 ,2.0,4.7,1.8,5.7,2.1,6.8,2.3,2008.0 
"San Jose-Sunnyvale-Santa Clara, CA\34",3.3 ,2.6,5.9,3.3,5.6,3.3,7.4,3.6,2008.0 
"Seattle-Tacoma-Bellevue, WA",3.4 ,1.8,3.7,2.0,3.3,1.8,7.4,2.6,2008.0 
"Springfield, MA",3.6 ,4.6,1.0,2.6,4.0,4.6,9.3,7.2,2008.0 
"Syracuse, NY",11.5 ,8.1,10.9,7.2,15.8,8.9,13.3,8.9,2008.0 
"Tampa-St Petersburg-Clearwater, FL",14.5 ,4.4,18.1,5.3,13.5,4.4,15.6,4.6,2008.0 
"Toledo, OH",13.6 ,8.9,8.8,7.4,10.2,8.1,9.2,7.6,2008.0 
"Tucson, AZ ",5.5 ,4.9,3.8,4.1,10.6,6.1,7.9,5.2,2008.0 
"Tulsa, OK",12.6 ,5.9,11.1,5.8,8.1,5.4,6.7,4.9,2008.0 
"Virginia Beach-Norfolk-Newport News, VA\35",9.5 ,5.1,2.6,2.6,6.8,4.3,8.4,5.0,2008.0 
"Washington-Arlington-Alexandria, DC-VA-MD-WV\36",10.1 ,3.0,11.6,3.3,9.0,2.8,9.5,2.8,2008.0 
"Worcester, MA",16.3 ,9.2,8.2,6.9,9.5,6.7,5.0,5.3,2008.0 
"Akron, OH ",14.6,10.7,4.8 ,5.6,5.6 ,5.9,11.0,5.9,2007.0 
"Albany-Schenectady-Troy, NY ",7.6,5.9,2.3 ,3.6,3.4 ,4.4,5.7,3.0,2007.0 
"Alburquerque, NM",6.9,4.1,8.1,4.8,9.9 ,4.9,10.5,3.3,2007.0 
"Allentown-Bethlehem-Easton, PA-NJ",9.1,7.7,13.0,9.0,6.1 ,6.3,4.5,3.2,2007.0 
"Atlanta-Sandy Springs-Marietta, GA\1",14.5,3.3,13.7,3.1,14.1 ,3.1,16.5,2.0,2007.0 
"Austin-Round Rock, TX\2",6.4,4.1,6.7,3.9,8.6 ,4.8,5.6,2.3,2007.0 
"Bakersfield, CA",6.9,6.6,13.1,8.1,14.1 ,8.9,10.0,4.8,2007.0 
"Baltimore-Towson, MD\3",11.8,3.6,11.9,3.6,10.4 ,3.3,11.1,2.0,2007.0 
"Baton Rouge, LA",5.6,5.6,4.2,5.6,4.9 ,5.8,2.9,2.7,2007.0 
"Birmingham-Hoover, AL\4",17.4,8.1,16.1,8.4,20.0 ,9.4,16.6,5.1,2007.0 
"Boston-Cambridge-Quincy, MA-NH\5",6.0,2.5,4.2,2.0,4.6 ,2.1,5.2,1.3,2007.0 
"Bridgeport-Stamford-Norwalk, CT",4.9,3.3,7.2,3.9,9.9 ,4.4,4.7,1.9,2007.0 
"Buffalo-Cheektowaga-Tonawanda, NY\6",10.2,5.4,11.2,5.9,7.1 ,4.8,5.4,2.7,2007.0 
"Charlotte-Gastonia-Concord, NC-SC\7",13.6,5.9,10.4,5.3,9.3 ,4.9,10.7,3.1,2007.0 
"Chicago-Naperville-Joliet, IL\8",12.5,2.5,10.1,2.1,11.9 ,2.5,9.6,1.3,2007.0 
"Cincinnati-Middletown, OH-KY-IN\9",13.5,5.3,9.4,4.6,13.5 ,4.9,11.5,2.8,2007.0 
"Cleveland-Elyria-Mentor, OH\10",11.9,5.6,14.6,5.4,15.7 ,5.6,13.0,3.3,2007.0 
"Columbia, SC",5.5,5.6,9.6,7.7,9.3 ,7.6,8.9,4.0,2007.0 
"Columbus, OH",12.8,5.1,16.3,5.4,13.8 ,5.4,9.2,2.9,2007.0 
"Dallas-Ft Worth-Arlington, TX\11",14.1,3.0,9.1,2.3,10.4 ,2.5,10.6,1.5,2007.0 
"Dayton, OH",19.5,8.9,7.5,5.9,18.8 ,8.2,19.8,5.1,2007.0 
"Denver-Aurora, CO\12",11.7,3.5,11.6,3.5,8.8 ,3.1,8.2,1.8,2007.0 
"Detroit-Warren-Livonia, MI\13",23.6,4.8,18.6,4.4,17.7 ,4.1,17.9,2.6,2007.0 
"El Paso, TX",11.8,9.4,1.2,3.3,5.7 ,6.7,6.0,3.9,2007.0 
"Fresno, CA",2.5,3.3,5.3,4.8,7.5 ,5.8,7.0,3.1,2007.0 
"Grand Rapids-Wyoming, MI\14",10.4,9.0,19.1,11.2,11.8 ,8.9,8.9,5.3,2007.0 
"Greensboro-High Point, NC\15",10.4,7.2,7.5,6.3,7.5 ,6.6,7.1,3.9,2007.0 
"Hartford-West Hartford-East Hartford, CT\16",7.8,3.5,7.7,3.3,6.7 ,3.1,7.6,2.0,2007.0 
"Honolulu, HI",3.4,1.8,5.9,2.5,6.3 ,2.5,5.1,1.3,2007.0 
"Houston-Baytown-Sugar Land, TX\17",18.6,3.6,16.4,3.3,16.9 ,3.3,17.4,2.1,2007.0 
"Indianapolis, IN",12.1,6.1,16.6,7.1,14.2 ,6.4,16.6,4.1,2007.0 
"Jacksonville, FL",15.4,7.1,11.8,5.9,16.3 ,6.9,14.4,4.2,2007.0 
"Kansas City, MO-KS",18.4,3.9,15.4,3.9,14.5 ,3.9,14.4,2.4,2007.0 
"Las Vegas-Paradise, NV\18",9.5,2.8,9.9,2.8,11.9 ,2.8,12.1,1.7,2007.0 
"Los Angeles-Long Beach-Santa Ana, CA \19",4.6,1.2,4.1,1.0,4.7 ,1.2,5.4,0.7,2007.0 
"Louisville, KY-IN",8.0,5.6,9.8,5.8,16.1 ,7.9,13.6,4.3,2007.0 
"Memphis, TN-AR-MS",14.0,4.4,13.3,4.3,16.3 ,4.9,7.2,2.1,2007.0 
"Miami-Fort Lauderdale-Miami Beach, FL\20",11.8,3.1,7.9,2.5,10.7 ,3.0,11.3,1.8,2007.0 
"Milwaukee-Waukesha-West Allis, WI",7.3,3.6,9.9,4.4,7.5 ,3.8,8.7,2.4,2007.0 
"Minneapolis-St Paul-Bloomington, MN-WI ",7.8,2.6,7.0,2.3,6.5 ,2.1,6.7,1.4,2007.0 
"Nashville-Davidson-Murfreesboro, TN\21",6.7,4.9,4.8,3.8,5.6 ,4.3,14.7,4.5,2007.0 
"New Haven-Milford, CT",8.7,3.8,12.5,4.8,5.8 ,3.1,8.1,2.2,2007.0 
"New Orleans-Metairie-Kenner, LA\22",8.2,6.7,6.9,5.9,9.2 ,6.1,11.6,4.1,2007.0 
"New York-Northern New Jersey--Long Island, NY\23",5.5,1.0,6.4,1.0,5.8 ,1.0,5.3,0.6,2007.0 
"Oklahoma City, OK",6.8,4.6,7.2,4.4,6.7 ,4.4,9.0,3.1,2007.0 
"Omaha-Council Bluffs, NE-IA",11.3,4.4,12.2,4.6,12.3 ,4.8,11.8,3.0,2007.0 
"Orlando, FL",11.8,5.6,13.3,5.6,11.1 ,5.4,9.1,2.9,2007.0 
"Oxnard-Thousand Oaks-Ventura, CA",9.7,8.4,3.5,5.1,8.5 ,7.9,1.0,1.6,2007.0 
"Philadelphia-Camden-Wilmington, PA ",10.5,3.1,13.4,3.5,14.1 ,3.5,12.4,2.0,2007.0 
"Phoenix-Mesa-Scottsdale, AZ\24",8.6,3.6,11.1,3.6,9.2 ,3.5,7.7,1.9,2007.0 
"Pittsburgh, PA",10.1,4.6,10.0,4.4,9.1 ,4.4,8.0,2.5,2007.0 
"Portland-Vancouver-Beaverton, OR-WA\25",6.1,2.8,4.0,2.3,5.7 ,2.6,3.3,1.2,2007.0 
"Poughkeepsie-Newburgh-Middletown, NJ",21.9,14.8,8.8,9.5,5.2 ,7.1,6.2,4.4,2007.0 
Providence-New Bedford-Fall River RI-MA\26,7.7,4.3,9.9,4.9,9.1 ,4.8,10.2,3.0,2007.0 
"Raleigh-Cary, NC\27",7.0,5.9,11.7,7.2,9.0 ,6.6,17.4,5.5,2007.0 
"Richmond, VA\28",20.8,7.6,13.9,6.6,14.0 ,6.4,16.3,4.4,2007.0 
"Riverside-San Bernardino-Ontario, CA\29",5.2,2.5,8.4,3.3,9.5 ,3.5,13.0,2.4,2007.0 
"Rochester, NY",9.0,6.9,5.5,5.4,6.5 ,6.4,4.7,3.0,2007.0 
"Sacramento-Arden-Arcade-Roseville, CA\30",14.7,4.9,7.7,3.9,7.5 ,3.6,8.0,2.3,2007.0 
"St Louis, MO-IL",13.0,4.4,9.8,3.8,7.9 ,3.5,12.1,2.6,2007.0 
"Salt Lake City, UT\31",5.4,3.9,4.3,3.5,7.0 ,4.3,4.2,2.2,2007.0 
"San Antonio, TX ",14.7,5.4,14.6,5.6,17.0 ,5.6,18.3,3.4,2007.0 
"San Diego-Carlsbad-San Marcos, CA\32",5.9,2.8,9.2,3.5,6.5 ,3.0,6.9,1.8,2007.0 
"San Francisco-Oakland-Fremont, CA\33",5.1,2.1,5.3,2.1,6.9 ,2.3,7.5,1.5,2007.0 
"San Jose-Sunnyvale-Santa Clara, CA\34",3.1,2.6,3.5,2.8,3.1 ,2.5,5.4,2.0,2007.0 
"Seattle-Tacoma-Bellevue, WA",5.8,2.5,5.9,2.5,4.0 ,2.0,4.0,1.2,2007.0 
"Springfield, MA",3.6,4.3,6.2,5.8,9.1 ,6.7,8.1,3.8,2007.0 
"Syracuse, NY",12.7,7.9,21.2,9.9,8.5 ,7.2,11.2,4.9,2007.0 
"Tampa-St Petersburg-Clearwater, FL",9.3,4.1,13.3,4.8,14.7 ,4.9,13.7,2.8,2007.0 
"Toledo, OH",7.8,7.1,12.8,8.6,8.2 ,7.4,4.4,3.5,2007.0 
"Tucson, AZ ",6.4,5.4,6.4,5.8,9.7 ,6.7,9.0,3.8,2007.0 
"Tulsa, OK",17.1,6.9,9.9,5.8,12.9 ,6.3,13.8,4.0,2007.0 
"Virginia Beach-Norfolk-Newport News, VA\35",5.3,4.3,7.3,4.9,6.5 ,4.3,10.9,3.2,2007.0 
"Washington-Arlington-Alexandria, DC-VA-MD-WV\36",10.9,3.1,11.7,3.3,10.9,3.1,8.4,1.7,2007.0 
"Worcester, MA",11.1,7.9,5.9,5.8,3.4,4.4,7.9,4.1,2007.0 
"Akron, OH ",11.1 ,8.9,5.9 ,6.9,7.5 ,8.6,5.7 ,4.4 ,2006.0 
"Albany-Schenectady-Troy, NY ",5.0 ,4.9,4.4 ,4.8,5.5 ,5.1,4.4 ,2.9 ,2006.0 
"Alburquerque, NM",10.5 ,5.1,4.5 ,3.5,6.5 ,4.3,11.4 ,3.2 ,2006.0 
"Allentown-Bethlehem-Easton, PA-NJ",4.6 ,5.8,13.1 ,9.2,9.0 ,7.7,5.0 ,3.5 ,2006.0 
"Atlanta-Sandy Springs-Marietta, GA\1",12.6 ,3.3,10.4 ,3.0,13.5 ,3.3,12.6 ,1.9 ,2006.0 
"Austin-Round Rock, TX\2",5.9 ,3.8,10.4 ,5.1,5.3 ,3.9,7.0 ,2.7 ,2006.0 
"Bakersfield, CA",7.9 ,6.3,11.6 ,7.4,4.6 ,5.3,4.7 ,3.3 ,2006.0 
"Baltimore-Towson, MD\3",12.9 ,3.9,10.8 ,3.5,13.1 ,3.8,10.2 ,2.1 ,2006.0 
"Baton Rouge, LA",4.9 ,5.3,5.4 ,5.9,7.2 ,7.2,11.3 ,4.9 ,2006.0 
"Birmingham-Hoover, AL\4",12.4 ,7.7,16.0 ,8.6,18.4 ,9.0,21.9 ,5.7 ,2006.0 
"Boston-Cambridge-Quincy, MA-NH\5",4.3 ,2.0,4.1 ,2.0,5.5 ,2.3,7.6 ,1.6 ,2006.0 
"Bridgeport-Stamford-Norwalk, CT",7.9 ,4.4,6.4 ,3.9,6.0 ,3.5,4.2 ,1.7 ,2006.0 
"Buffalo-Cheektowaga-Tonawanda, NY\6",19.2 ,7.4,15.4 ,7.2,12.3 ,6.4,6.1 ,2.7 ,2006.0 
"Charlotte-Gastonia-Concord, NC-SC\7",14.2 ,5.9,12.6 ,5.9,12.4 ,5.8,14.4 ,3.5 ,2006.0 
"Chicago-Naperville-Joliet, IL\8",13.0 ,2.5,11.9 ,2.3,14.4 ,2.6,12.7 ,1.5 ,2006.0 
"Cincinnati-Middletown, OH-KY-IN\9",11.6 ,4.8,13.0 ,4.6,13.5 ,4.8,10.9 ,2.8 ,2006.0 
"Cleveland-Elyria-Mentor, OH\10",20.0 ,6.6,15.3 ,6.1,9.9 ,5.1,7.4 ,2.9 ,2006.0 
"Columbia, SC",11.2 ,7.2,10.2 ,7.6,9.2 ,8.2,3.7 ,3.1 ,2006.0 
"Columbus, OH",14.1 ,5.1,13.0 ,4.8,13.5 ,5.4,11.7 ,3.3 ,2006.0 
"Dallas-Ft Worth-Arlington, TX\11",10.8 ,2.6,10.8 ,2.6,11.6 ,2.6,13.5 ,1.7 ,2006.0 
"Dayton, OH",15.4 ,7.7,18.9 ,8.1,15.9 ,7.7,15.3 ,4.8 ,2006.0 
"Denver-Aurora, CO\12",12.4 ,3.6,11.5 ,3.6,11.7 ,3.6,8.7 ,1.9 ,2006.0 
"Detroit-Warren-Livonia, MI\13",19.0 ,4.3,21.4 ,4.6,23.5 ,4.3,20.3 ,2.7 ,2006.0 
"El Paso, TX",9.6 ,7.7,5.9 ,6.9,2.3 ,4.4,3.5 ,3.2 ,2006.0 
"Fresno, CA",7.8 ,5.8,6.9 ,5.6,2.7 ,3.5,5.1 ,2.8 ,2006.0 
"Grand Rapids-Wyoming, MI\14",7.7 ,7.9,10.8 ,8.6,4.5 ,5.9,22.7 ,7.4 ,2006.0 
"Greensboro-High Point, NC\15",4.6 ,4.8,8.5 ,6.9,7.5 ,6.6,9.9 ,4.4 ,2006.0 
"Hartford-West Hartford-East Hartford, CT\16",7.0 ,3.3,4.2 ,2.8,12.2 ,4.4,7.7 ,2.1 ,2006.0 
"Honolulu, HI",2.9 ,1.6,4.6 ,2.1,5.0 ,2.1,3.3 ,1.0 ,2006.0 
"Houston-Baytown-Sugar Land, TX\17",12.3 ,3.0,12.0 ,3.0,19.7 ,3.5,22.3 ,2.2 ,2006.0 
"Indianapolis, IN",17.5 ,7.4,16.7 ,7.6,18.5 ,7.7,24.5 ,5.0 ,2006.0 
"Jacksonville, FL",13.4 ,6.6,12.9 ,6.4,8.6 ,5.3,15.5 ,4.5 ,2006.0 
"Kansas City, MO-KS",11.8 ,3.5,13.9 ,3.8,14.9 ,3.9,15.7 ,2.4 ,2006.0 
"Las Vegas-Paradise, NV\18",10.3 ,3.0,8.3 ,2.6,9.0 ,2.8,10.8 ,1.8 ,2006.0 
"Los Angeles-Long Beach-Santa Ana, CA \19",4.9 ,1.2,3.7 ,1.0,2.4 ,0.8,5.0 ,0.7 ,2006.0 
"Louisville, KY-IN",10.2 ,5.9,10.1 ,6.3,10.3 ,6.3,9.1 ,3.7 ,2006.0 
"Memphis, TN-AR-MS",5.8 ,3.1,11.1 ,4.4,13.7 ,4.6,7.6 ,2.1 ,2006.0 
"Miami-Fort Lauderdale-Miami Beach, FL\20",5.5 ,2.3,6.8 ,2.5,7.9 ,2.6,8.9 ,1.7 ,2006.0 
"Milwaukee-Waukesha-West Allis, WI",5.5 ,3.1,7.0 ,3.6,11.0 ,4.8,8.1 ,2.4 ,2006.0 
"Minneapolis-St Paul-Bloomington, MN-WI ",9.7 ,3.0,6.1 ,2.5,9.0 ,2.8,8.7 ,1.7 ,2006.0 
"Nashville-Davidson-Murfreesboro, TN\21",8.8 ,5.3,8.7 ,5.6,14.3 ,6.9,10.3 ,3.7 ,2006.0 
"New Haven-Milford, CT",7.0 ,3.3,7.6 ,3.5,8.3 ,3.8,11.0 ,2.6 ,2006.0 
"New Orleans-Metairie-Kenner, LA\22",2.8 ,4.3,4.1 ,4.9,12.4 ,7.7,14.1 ,5.1 ,2006.0 
"New York-Northern New Jersey--Long Island, NY\23",5.4 ,1.0,5.0 ,1.0,6.7 ,1.2,4.6 ,0.6 ,2006.0 
"Oklahoma City, OK",12.1 ,5.9,6.0 ,4.3,11.1 ,5.8,14.5 ,3.9 ,2006.0 
"Omaha-Council Bluffs, NE-IA",12.8 ,4.9,10.9 ,4.6,11.6 ,4.6,9.8 ,2.7 ,2006.0 
"Orlando, FL",9.3 ,4.8,8.1 ,4.6,3.5 ,3.0,6.8 ,2.7 ,2006.0 
"Oxnard-Thousand Oaks-Ventura, CA",0.0 ,(z),4.3 ,5.4,1.8 ,3.3,10.6 ,5.3 ,2006.0 
"Philadelphia-Camden-Wilmington, PA ",13.7 ,3.5,9.6 ,3.1,10.1 ,3.0,12.8 ,2.1 ,2006.0 
"Phoenix-Mesa-Scottsdale, AZ\24",7.8 ,3.3,8.8 ,3.6,11.6 ,4.1,8.3 ,2.2 ,2006.0 
"Pittsburgh, PA",10.3 ,4.4,15.8 ,5.1,15.5 ,5.3,11.8 ,2.9 ,2006.0 
"Portland-Vancouver-Beaverton, OR-WA\25",6.8 ,3.1,7.7 ,3.5,7.1 ,3.1,6.9 ,1.8 ,2006.0 
"Poughkeepsie-Newburgh-Middletown, NJ",11.4 ,10.4,4.7 ,7.2,10.7 ,9.4,12.8 ,6.8 ,2006.0 
Providence-New Bedford-Fall River RI-MA\26,10.0 ,4.9,7.8 ,4.4,8.8 ,4.6,7.9 ,2.8 ,2006.0 
"Raleigh-Cary, NC\27",9.3 ,6.7,8.9 ,6.4,6.6 ,6.1,10.9 ,4.5 ,2006.0 
"Richmond, VA\28",15.7 ,6.6,14.7 ,6.3,9.9 ,5.6,14.3 ,3.7 ,2006.0 
"Riverside-San Bernardino-Ontario, CA\29",7.7 ,3.3,8.7 ,3.5,6.6 ,3.0,5.5 ,1.7 ,2006.0 
"Rochester, NY",4.9 ,4.9,9.9 ,6.7,4.8 ,5.6,4.0 ,2.9 ,2006.0 
"Sacramento-Arden-Arcade-Roseville, CA\30",9.3 ,4.1,14.9 ,5.3,13.1 ,4.9,13.8 ,3.1 ,2006.0 
"St Louis, MO-IL",12.0 ,4.3,16.1 ,4.9,12.3 ,4.3,9.9 ,2.5 ,2006.0 
"Salt Lake City, UT\31",4.2 ,3.5,5.2 ,3.6,5.8 ,4.1,3.5 ,1.9 ,2006.0 
"San Antonio, TX ",17.4 ,6.1,16.3 ,5.8,11.7 ,4.8,11.7 ,2.8 ,2006.0 
"San Diego-Carlsbad-San Marcos, CA\32",6.7 ,3.0,5.5 ,2.8,10.1 ,3.8,7.2 ,1.9 ,2006.0 
"San Francisco-Oakland-Fremont, CA\33",6.1 ,2.3,6.7 ,2.5,7.7 ,2.6,7.1 ,1.5 ,2006.0 
"San Jose-Sunnyvale-Santa Clara, CA\34",5.0 ,3.5,7.4 ,4.1,5.4 ,3.5,6.1 ,2.1 ,2006.0 
"Seattle-Tacoma-Bellevue, WA",5.9 ,2.5,5.8 ,2.5,4.9 ,2.1,5.8 ,1.5 ,2006.0 
"Springfield, MA",0.8 ,2.1,8.8 ,6.7,9.3 ,6.9,3.0 ,2.4 ,2006.0 
"Syracuse, NY",9.2 ,7.4,9.7 ,7.7,9.5 ,7.7,6.7 ,4.0 ,2006.0 
"Tampa-St Petersburg-Clearwater, FL",5.5 ,3.1,7.5 ,3.6,8.2 ,3.9,10.4 ,2.7 ,2006.0 
"Toledo, OH",17.4 ,10.5,12.7 ,8.9,8.0 ,7.7,6.2 ,3.9 ,2006.0 
"Tucson, AZ ",3.0 ,3.6,7.3 ,6.3,10.0 ,7.1,9.0 ,4.0 ,2006.0 
"Tulsa, OK",13.9 ,7.1,11.9 ,6.1,16.1 ,6.9,15.9 ,4.2 ,2006.0 
"Virginia Beach-Norfolk-Newport News, VA\35",8.5 ,5.4,7.3 ,4.9,7.6 ,4.9,7.4 ,3.0 ,2006.0 
"Washington-Arlington-Alexandria, DC-VA-MD-WV\36",7.1 ,2.5,7.8 ,2.8,7.9 ,2.6,10.8 ,1.9 ,2006.0 
"Worcester, MA",10.6 ,7.7,7.1 ,6.4,12.3 ,8.6,8.4 ,4.6 ,2006.0 
"Fresno, CA",5.6 ,4.8,3.0 ,3.5,4.4 ,4.6,4.9 ,2.9 ,2005.0 
"Akron, OH ",9.2 ,8.6,3.1 ,5.6,13.5 ,10.5,10.5 ,5.4 ,2005.0 
"Salt Lake City, UT\31",10.1 ,5.4,3.3 ,3.0,6.7 ,4.3,8.3 ,2.9 ,2005.0 
"Albany-Schenectady-Troy, NY ",5.4 ,5.6,3.5 ,4.3,1.3 ,2.5,2.8 ,2.3 ,2005.0 
"Honolulu, HI",3.1 ,1.8,3.8 ,2.0,4.4 ,2.0,4.0 ,1.2 ,2005.0 
"San Diego-Carlsbad-San Marcos, CA\32",5.8 ,2.8,4.4 ,2.3,6.6 ,3.0,8.3 ,1.9 ,2005.0 
"Columbia, SC",4.9 ,6.3,4.6 ,5.6,6.8 ,7.6,14.6 ,6.5 ,2005.0 
"New York-Northern New Jersey--Long Island, NY\23",5.8 ,1.0,4.7 ,1.0,4.7 ,1.0,5.1 ,0.6 ,2005.0 
"Poughkeepsie-Newburgh-Middletown, NJ",11.5 ,9.9,4.9 ,7.9,6.5 ,7.7,4.9 ,3.9 ,2005.0 
"Oxnard-Thousand Oaks-Ventura, CA",1.5 ,3.9,5.1 ,5.9,4.9 ,5.6,4.8 ,3.8 ,2005.0 
"Boston-Cambridge-Quincy, MA-NH\5",5.2 ,2.1,5.2 ,2.1,6.0 ,2.5,4.0 ,1.2 ,2005.0 
"Los Angeles-Long Beach-Santa Ana, CA \19",4.3 ,1.2,5.2 ,1.2,4.1 ,1.2,4.1 ,0.7 ,2005.0 
"Syracuse, NY",8.4 ,7.1,5.6 ,5.6,4.3 ,5.1,4.9 ,3.2 ,2005.0 
"Allentown-Bethlehem-Easton, PA-NJ",6.1 ,6.1,5.8 ,6.1,11.1 ,8.6,6.8 ,4.0 ,2005.0 
"Omaha-Council Bluffs, NE-IA",10.3 ,4.6,5.8 ,3.6,9.4 ,4.6,8.6 ,2.6 ,2005.0 
"Washington-Arlington-Alexandria, DC-VA-MD-WV\36",8.0 ,2.8,5.9 ,2.3,7.3 ,2.6,7.0 ,1.6 ,2005.0 
"Birmingham-Hoover, AL\4",8.8 ,6.7,6.0 ,5.4,24.5 ,9.7,15.0 ,5.1 ,2005.0 
"Riverside-San Bernardino-Ontario, CA\29",6.4 ,3.1,6.0 ,3.0,10.3 ,3.8,11.8 ,2.4 ,2005.0 
"Tampa-St Petersburg-Clearwater, FL",12.9 ,4.9,6.0 ,3.6,11.1 ,4.3,7.6 ,2.2 ,2005.0 
Providence-New Bedford-Fall River RI-MA\26,7.0 ,4.1,6.1 ,3.6,6.5 ,4.1,8.6 ,2.7 ,2005.0 
"Miami-Fort Lauderdale-Miami Beach, FL\20",8.9 ,3.0,6.3 ,2.5,8.4 ,2.8,5.7 ,1.4 ,2005.0 
"Bridgeport-Stamford-Norwalk, CT",4.6 ,2.6,7.1 ,4.1,6.3 ,3.6,5.0 ,2.0 ,2005.0 
"San Jose-Sunnyvale-Santa Clara, CA\34",6.6 ,3.6,7.3 ,3.9,7.7 ,4.1,5.3 ,2.1 ,2005.0 
"Virginia Beach-Norfolk-Newport News, VA\35",7.8 ,5.3,7.6 ,4.9,5.7 ,4.3,8.8 ,3.5 ,2005.0 
"Bakersfield, CA",5.4 ,5.1,7.7 ,6.7,4.0 ,4.6,4.6 ,3.2 ,2005.0 
"Seattle-Tacoma-Bellevue, WA",8.1 ,3.0,7.7 ,3.0,6.8 ,2.6,5.3 ,1.5 ,2005.0 
"New Orleans-Metairie-Kenner, LA\22",4.2 ,3.9,7.8 ,5.6,15.9 ,7.6,7.1 ,5.6 ,2005.0 
"Louisville, KY-IN",7.7 ,5.1,8.0 ,5.3,11.9 ,6.4,9.9 ,3.4 ,2005.0 
"Alburquerque, NM",5.9 ,4.3,8.1 ,4.8,7.0 ,4.4,10.2 ,3.0 ,2005.0 
"Portland-Vancouver-Beaverton, OR-WA\25",10.0 ,4.1,8.2 ,3.3,8.7 ,3.5,12.1 ,2.5 ,2005.0 
"Las Vegas-Paradise, NV\18",11.8 ,3.3,8.3 ,2.6,7.8 ,2.6,8.4 ,1.6 ,2005.0 
"Hartford-West Hartford-East Hartford, CT\16",14.4 ,4.4,8.4 ,3.5,7.5 ,3.3,7.3 ,2.1 ,2005.0 
"Charlotte-Gastonia-Concord, NC-SC\7",9.3 ,4.9,8.9 ,4.9,8.6 ,5.1,17.2 ,3.9 ,2005.0 
"New Haven-Milford, CT",8.8 ,4.1,9.1 ,3.9,11.3 ,4.4,10.3 ,2.6 ,2005.0 
"Greensboro-High Point, NC\15",9.6 ,7.6,9.2 ,7.4,12.8 ,8.7,10.4 ,4.9 ,2005.0 
"Sacramento-Arden-Arcade-Roseville, CA\30",5.6 ,3.3,9.2 ,4.1,13.8 ,5.1,5.7 ,2.0 ,2005.0 
"Rochester, NY",8.6 ,6.6,9.4 ,7.2,5.2 ,5.1,6.2 ,3.7 ,2005.0 
"Worcester, MA",7.0 ,6.3,9.6 ,7.1,10.3 ,6.7,8.5 ,4.2 ,2005.0 
"Austin-Round Rock, TX\2",11.1 ,5.1,9.7 ,5.1,9.8 ,5.1,6.5 ,2.7 ,2005.0 
"Tucson, AZ ",16.2 ,8.1,9.7 ,6.9,5.6 ,5.4,6.7 ,3.5 ,2005.0 
"Pittsburgh, PA",12.0 ,5.1,9.8 ,4.4,8.6 ,4.3,9.7 ,2.7 ,2005.0 
"Buffalo-Cheektowaga-Tonawanda, NY\6",10.3 ,5.9,10.0 ,6.7,7.4 ,4.8,14.1 ,3.8 ,2005.0 
"Minneapolis-St Paul-Bloomington, MN-WI ",10.0 ,3.1,10.0 ,3.0,11.7 ,3.3,10.8 ,1.9 ,2005.0 
"Richmond, VA\28",11.1 ,5.8,10.0 ,5.4,14.2 ,6.7,14.0 ,3.8 ,2005.0 
"Toledo, OH",10.4 ,8.9,10.0 ,8.6,12.4 ,10.0,7.2 ,4.6 ,2005.0 
"El Paso, TX",5.8 ,7.1,10.1 ,11.2,6.4 ,7.4,6.3 ,4.1 ,2005.0 
"Philadelphia-Camden-Wilmington, PA ",14.1 ,3.6,10.3 ,3.1,10.4 ,3.1,11.8 ,2.0 ,2005.0 
"Jacksonville, FL",8.4 ,5.4,10.5 ,5.6,9.0 ,5.6,12.9 ,4.0 ,2005.0 
"Denver-Aurora, CO\12",13.5 ,3.9,11.0 ,3.6,12.8 ,3.8,10.9 ,2.1 ,2005.0 
"Nashville-Davidson-Murfreesboro, TN\21",13.8 ,6.3,11.1 ,6.6,12.9 ,7.1,20.0 ,4.7 ,2005.0 
"San Francisco-Oakland-Fremont, CA\33",6.9 ,2.3,11.4 ,2.8,8.6 ,2.6,5.0 ,1.2 ,2005.0 
"Baltimore-Towson, MD\3",6.6 ,2.8,11.5 ,3.6,12.4 ,3.5,10.8 ,2.1 ,2005.0 
"Phoenix-Mesa-Scottsdale, AZ\24",14.4 ,4.6,11.8 ,3.8,9.3 ,3.6,9.4 ,2.2 ,2005.0 
"Cincinnati-Middletown, OH-KY-IN\9",14.2 ,5.4,11.9 ,4.9,13.4 ,4.9,11.2 ,2.9 ,2005.0 
"Grand Rapids-Wyoming, MI\14",9.5 ,6.9,12.0 ,8.6,16.9 ,10.7,6.4 ,4.5 ,2005.0 
"Springfield, MA",5.7 ,5.9,12.0 ,8.6,4.0 ,4.6,6.0 ,3.4 ,2005.0 
"Milwaukee-Waukesha-West Allis, WI",16.5 ,5.3,12.1 ,4.6,9.2 ,4.3,8.3 ,2.4 ,2005.0 
"Orlando, FL",9.2 ,4.9,12.2 ,5.6,11.9 ,5.3,7.7 ,2.7 ,2005.0 
"Oklahoma City, OK",14.4 ,6.1,12.9 ,6.4,15.5 ,6.9,11.3 ,3.6 ,2005.0 
"Raleigh-Cary, NC\27",19.2 ,10.7,13.0 ,7.4,7.0 ,5.9,4.8 ,3.2 ,2005.0 
"Chicago-Naperville-Joliet, IL\8",13.2 ,2.5,13.4 ,2.5,13.4 ,2.6,12.3 ,1.5 ,2005.0 
"Dallas-Ft Worth-Arlington, TX\11",15.5 ,3.1,13.4 ,2.8,12.3 ,2.8,13.4 ,1.8 ,2005.0 
"Dayton, OH",10.4 ,7.2,14.0 ,7.4,13.2 ,7.7,20.3 ,5.5 ,2005.0 
"Detroit-Warren-Livonia, MI\13",13.3 ,3.8,14.8 ,3.9,17.0 ,4.1,15.6 ,2.5 ,2005.0 
"Memphis, TN-AR-MS",10.0 ,4.3,14.8 ,4.9,7.5 ,3.9,8.1 ,2.4 ,2005.0 
"Atlanta-Sandy Springs-Marietta, GA\1",17.3 ,3.5,15.1 ,3.3,12.8 ,3.3,15.8 ,2.2 ,2005.0 
"Columbus, OH",9.3 ,4.6,15.2 ,5.9,16.3 ,6.1,15.0 ,3.5 ,2005.0 
"Houston-Baytown-Sugar Land, TX\17",15.1 ,3.3,16.5 ,3.3,17.6 ,3.5,12.3 ,1.8 ,2005.0 
"St Louis, MO-IL",15.6 ,4.9,16.6 ,5.4,13.6 ,4.8,16.2 ,3.0 ,2005.0 
"Tulsa, OK",15.1 ,8.7,16.7 ,7.7,16.6 ,7.6,16.4 ,4.3 ,2005.0 
"Kansas City, MO-KS",16.8 ,4.3,16.8 ,3.9,17.1 ,4.3,11.4 ,2.2 ,2005.0 
"Indianapolis, IN",13.5 ,6.9,17.1 ,7.2,19.1 ,7.6,12.7 ,4.0 ,2005.0 
"San Antonio, TX ",21.0 ,6.7,17.7 ,6.1,9.0 ,4.6,14.1 ,3.5 ,2005.0 
"Cleveland-Elyria-Mentor, OH\10",13.7 ,5.1,19.4 ,6.3,20.2 ,6.1,20.5 ,4.0 ,2005.0 
"Baton Rouge, LA",20.7 ,10.4,20.2 ,9.9,10.7 ,8.6,9.3 ,5.1 ,2005.0 
,,,,,,,,,
